Deposit_type,age_category,Latitude,Longitude,Mindat_id,mapped_species_count,present_family_count
IOCG,Unknown,-19.7023545167,134.244931032,125,23,12.0
Sediment-Hosted,Precambrian,-17.386763822239,131.11581797283,126,7,4.0
IOCG,Precambrian,-21.540337655,140.498235602,132,43,21.0
IOCG,Precambrian,-20.7195375299,140.510681958,134,43,20.0
VMS,Paleozoic,-23.642494444444,150.37543055556,140,37,22.0
Sediment-Hosted,Precambrian,-33.6780555556,138.926388889,152,48,22.0
Sediment-Hosted,Precambrian,-31.44388961792,137.14721679688,163,36,16.0
IOCG,Unknown,-33.908755555556,137.65188888889,171,51,26.0
VMS,Precambrian,-20.863855555556,117.83245555556,231,65,27.0
Magmatic sulfide,Precambrian,55.7197625842,-97.8353118896,506,53,20.0
VMS,Paleozoic,49.89466,-56.081527,511,12,9.0
VMS,Precambrian,46.4155555556,-81.3613888889,559,53,22.0
VMS,Precambrian,49.7197222222,-77.7180555556,579,28,12.0
VMS,Unknown,48.25427,-79.011281,609,24,15.0
Porphyry,Cenozoic,-22.2894444444,-68.9011111111,641,141,28.0
VMS,Mesozoic,-27.5902777778,-70.35,648,29,15.0
Magmatic sulfide,Paleozoic,41.992858333333,110.12308055556,721,24,13.0
Magmatic sulfide,Mesozoic,30.6986111111,101.909722222,730,53,18.0
VMS,Precambrian,62.761111111111,29.0925,1666,34,14.0
VMS,Paleozoic,45.8958333333,4.61277777778,1728,116,30.0
Porphyry,Cenozoic,40.533055555556,8.3341666666667,2120,37,22.0
Porphyry,Cenozoic,30.320611061173,-109.56493377686,2355,32,19.0
VMS,Precambrian,69.2833333333,22.4833333333,2461,38,19.0
VMS,Cenozoic,16.859871411637,120.77577662768,2567,19,13.0
Porphyry,Mesozoic,44.7377777778,21.7025,2596,70,23.0
Magmatic sulfide,Precambrian,67.922425,32.838977777778,2725,59,19.0
Magmatic sulfide,Mesozoic,69.4918008,88.4238928,2751,187,25.0
Sediment-Hosted,Precambrian,56.5833333333,118.5,2778,60,22.0
Magmatic sulfide,Unknown,-24.2972222,29.8791667,3064,16,8.0
Magmatic sulfide,Unknown,-30.716666666667,29.299722222222,3075,32,14.0
VMS,Paleozoic,37.699166666667,-6.5708333333333,3123,80,25.0
Porphyry,Cenozoic,33.0583333333,-110.745833333,3326,81,25.0
VMS,Precambrian,34.75,-112.122222222,3346,58,23.0
Porphyry,Unknown,31.9822222222,-111.063055556,3373,20,14.0
Porphyry,Cenozoic,32.4,-111.5,3374,52,22.0
Porphyry,Cenozoic,31.8930555556,-111.035,3376,68,23.0
Porphyry,Mesozoic,33.149444444444,-110.98722222222,3377,59,24.0
Sediment-Hosted,Precambrian,46.75,-89.55,3856,47,25.0
Porphyry,Cenozoic,32.79,-108.06731,3978,47,23.0
Porphyry,Cenozoic,40.5222222222,-112.148611111,4181,92,30.0
Sediment-Hosted,Paleozoic,-10.713490343447,25.445446855678,4322,89,22.0
Sediment-Hosted,Unknown,-11.6344444444,27.5808333333,4331,13,7.0
Sediment-Hosted,Precambrian,-12.6819444444,27.9166666667,4343,6,5.0
Sediment-Hosted,Precambrian,-12.5227777778,28.2361111111,4345,20,14.0
Sediment-Hosted,Precambrian,-13.039544,28.713245,4346,5,4.0
Sediment-Hosted,Paleozoic,-12.833055555556,28.201666666667,4349,29,18.0
Sediment-Hosted,Unknown,-12.7733333333,28.1591666667,4350,12,10.0
VMS,Cenozoic,40.402012533194,140.69662520124,4364,20,13.0
VMS,Precambrian,48.69,-81.3666666667,4381,80,23.0
Porphyry,Cenozoic,32.651040512379,-108.36550795271,4464,52,19.0
VMS,Precambrian,45.4425,-91.115277777778,4496,68,26.0
Porphyry,Cenozoic,33.0905555556,-109.366111111,5436,81,29.0
VMS,Paleozoic,-42.0657812716,145.570973714,5774,92,32.0
Porphyry,Cenozoic,31.410301572411,97.73015250491,5792,61,26.0
Porphyry,Cenozoic,31.0166666667,97.9166666667,5793,16,12.0
Porphyry,Cenozoic,27.4,101.133333333,5798,17,14.0
VMS,Paleozoic,44.566012554007,-71.257580934437,6001,9,8.0
VMS,Precambrian,49.1552777778,-85.7894444444,6771,36,14.0
Porphyry,Mesozoic,44.9833333333,21.7833333333,6926,38,17.0
Porphyry,Paleozoic,45.6,-70.3333333333,7377,5,5.0
Porphyry,Paleozoic,45.5358333333,-70.2166666667,7378,10,10.0
Magmatic sulfide,Precambrian,-27.22868394857,120.54439591183,7797,85,25.0
Sediment-Hosted,Unknown,35.993888855,-106.896942139,7971,14,10.0
Magmatic sulfide,Precambrian,46.458842,-81.080933,8049,29,11.0
Porphyry,Cenozoic,38.4891666667,-113.1275,8064,24,17.0
Magmatic sulfide,Precambrian,46.6333333333,-81.3833333333,8082,69,21.0
Magmatic sulfide,Precambrian,46.5361111111,-80.9988888889,8182,11,6.0
Sediment-Hosted,Precambrian,26.180074,103.05997,8302,18,14.0
Porphyry,Paleozoic,40.8138888889,69.6463888889,8417,42,20.0
VMS,Precambrian,18.0163888889,43.7011111111,8418,12,11.0
Porphyry,Cenozoic,7.33333333333,126.15,8428,7,6.0
VMS,Cenozoic,15.987921786818,119.95553389241,8563,6,6.0
Porphyry,Cenozoic,9.49166666667,122.679166667,8577,21,14.0
Porphyry,Cenozoic,17.3444444444,121.058333333,8582,22,16.0
VMS,Paleozoic,23.1097222222,97.2966666667,8587,23,14.0
VMS,Mesozoic,24.35,56.4,8588,16,11.0
VMS,Mesozoic,33.8527777778,133.313888889,8667,33,15.0
VMS,Precambrian,54.6611111111,-102.033333333,8700,12,10.0
Magmatic sulfide,Precambrian,55.7022222222,-97.9247222222,8701,15,7.0
Sediment-Hosted,Precambrian,-31.087736111111,138.67381944444,8744,17,12.0
VMS,Mesozoic,55.393361111111,-129.85136388889,8794,9,8.0
Porphyry,Cenozoic,16.6377777778,120.676666667,8802,21,15.0
Porphyry,Cenozoic,-6.31513109142,155.495322227,8831,21,15.0
Porphyry,Mesozoic,49.879444444444,-120.00638888889,8859,23,15.0
VMS,Mesozoic,49.61,-123.141666667,8875,26,21.0
Porphyry,Cenozoic,-33.149265422398,-70.280914306641,8886,52,25.0
VMS,Paleozoic,47.4083333333,-65.8225,8905,37,18.0
VMS,Paleozoic,47.4788888889,-65.8922222222,8906,42,20.0
VMS,Paleozoic,48.8230555556,-56.8661111111,8945,25,14.0
VMS,Paleozoic,50.1975,82.4347222222,9014,8,6.0
Magmatic sulfide,Mesozoic,61.4652777778,-139.5275,9386,49,17.0
VMS,Precambrian,64.871667,20.362968,9496,75,22.0
VMS,Mesozoic,38.2294444444,-120.881944444,9552,22,16.0
VMS,Paleozoic,-35.5915697261,149.442210503,9592,10,9.0
VMS,Precambrian,64.058,24.79,9697,30,16.0
VMS,Precambrian,64.4138888889,25.1422222222,9702,51,21.0
Porphyry,Cenozoic,40.4722222222,23.7036111111,9706,54,27.0
Sediment-Hosted,Precambrian,-12.648545714661,28.040627977094,9736,14,10.0
VMS,Mesozoic,24.41869265,56.40773624,9743,8,6.0
IOCG,Precambrian,19.75,-14.3833333333,9786,26,17.0
VMS,Precambrian,48.3061111111,-79.0672222222,9832,13,10.0
Porphyry,Cenozoic,47.899009728278,20.089933276176,9905,63,22.0
Sediment-Hosted,Unknown,-12.82324,28.07512,10049,13,11.0
VMS,Precambrian,54.8333333333,-100.283333333,10058,28,16.0
Magmatic sulfide,Precambrian,46.476256349528,-81.06023639679,10328,15,10.0
VMS,Precambrian,54.6513888889,-102.331388889,10351,27,13.0
Magmatic sulfide,Precambrian,46.462280137519,-81.186388528286,10383,43,16.0
VMS,Precambrian,54.722092157646,-101.70988082886,10452,8,7.0
Porphyry,Precambrian,67.0725,20.9575,10591,38,21.0
VMS,Precambrian,67.785476874728,20.078332900302,10617,37,19.0
VMS,Precambrian,67.8776890181,20.1402924561,10618,16,11.0
VMS,Precambrian,64.8467083298,20.2762852907,10663,15,11.0
VMS,Paleozoic,47.4297222222,-66.4016666667,10687,9,8.0
Sediment-Hosted,Paleozoic,45.9369444444,-64.4769444444,10790,13,9.0
VMS,Precambrian,48.0727777778,-77.7133333333,10867,7,6.0
VMS,Precambrian,65.141854,19.157208,10915,15,9.0
VMS,Precambrian,65.09996,19.102939,10917,4,4.0
VMS,Precambrian,65.089900871547,14.45798134795,10918,21,11.0
Magmatic sulfide,Precambrian,46.58,-80.795,11127,18,10.0
VMS,Precambrian,54.763888888889,-101.88361111111,11182,28,18.0
Porphyry,Paleozoic,48.9705555556,-65.5202777778,11307,42,23.0
Porphyry,Unknown,34.4822222222,-111.856944444,11459,12,11.0
VMS,Paleozoic,31.364692687987,-8.0559644848108,11605,14,10.0
IOCG,Precambrian,-30.44,136.872777778,11726,104,32.0
VMS,Cenozoic,40.1669444444,140.832777778,11734,12,10.0
VMS,Paleozoic,47.2908333333,-66.0805555556,11777,19,12.0
VMS,Paleozoic,-41.8402208296,145.516600589,11803,30,16.0
VMS,Mesozoic,55.4333333333,-129.816666667,11824,14,13.0
VMS,Precambrian,-25.453766666667,118.57144444444,11886,16,11.0
Magmatic sulfide,Unknown,-25.541142,27.184777,11952,22,10.0
Porphyry,Cenozoic,18.8808333333,-101.640833333,11973,14,13.0
VMS,Precambrian,60.194208643377,23.363960814819,12048,26,14.0
VMS,Precambrian,61.71,23.25,12053,24,17.0
Porphyry,Precambrian,63.7708333333,25.2338888889,12054,20,13.0
Porphyry,Mesozoic,50.6,-127.477777778,12057,18,13.0
Porphyry,Cenozoic,48.430248,18.769848,12663,59,23.0
VMS,Precambrian,63.6833333333,25.9833333333,13126,34,19.0
VMS,Precambrian,62.4622222222,30.03,13132,25,18.0
Sediment-Hosted,Paleozoic,-35.0919444444,139.004722222,13473,37,22.0
Sediment-Hosted,Precambrian,-32.0744438171387,138.279724121094,13474,10,9.0
Sediment-Hosted,Precambrian,-34.3472222222,138.917777778,13477,14,11.0
Sediment-Hosted,Precambrian,-10.9755555556,25.9002777778,13482,15,7.0
Porphyry,Unknown,40.5815094,45.790990633643,13770,50,27.0
IOCG,Precambrian,28.015,75.775555555556,13826,44,17.0
Sediment-Hosted,Unknown,40.3236111111,-75.47,13841,36,17.0
Sediment-Hosted,Precambrian,-12.379562748361,27.828448825423,13949,22,14.0
VMS,Precambrian,65.065722605543,18.564164400013,13955,26,16.0
IOCG,Unknown,-33.9758333333,137.689166667,13958,8,8.0
VMS,Mesozoic,24.273273850227,56.433540153503,14096,15,10.0
Porphyry,Cenozoic,19.0777777778,-102.031388889,14115,21,15.0
Magmatic sulfide,Precambrian,46.6511111111,-81.3777777778,14297,13,6.0
Sediment-Hosted,Precambrian,-11.513835,27.440574,14351,6,4.0
VMS,Paleozoic,67.132777777778,16.077222222222,14413,80,26.0
Sediment-Hosted,Paleozoic,-11.0163888889,25.2261111111,14738,15,6.0
VMS,Paleozoic,37.573056,-7.970833,14752,60,19.0
VMS,Paleozoic,49.5980555556,-55.9411111111,14853,17,13.0
Porphyry,Precambrian,22.0166666667,80.7166666667,15187,47,23.0
Porphyry,Cenozoic,6.0270953261096,116.65560699783,15213,26,15.0
Sediment-Hosted,Precambrian,-16.8794444444,30.15,15217,7,6.0
VMS,Precambrian,49.8738888889,-90.9708333333,15806,20,9.0
Magmatic sulfide,Unknown,62.0086,32.6768,15930,4,4.0
Porphyry,Precambrian,48.5225,-81.1163888889,15963,19,15.0
Sediment-Hosted,Paleozoic,-12.083470845877,26.426579394645,15998,80,26.0
Porphyry,Mesozoic,42.601169444444,24.187177777778,16033,40,23.0
Sediment-Hosted,Precambrian,-12.513055555556,27.854166666667,16144,20,15.0
Porphyry,Unknown,47.51152,-121.3498,16242,50,22.0
Magmatic sulfide,Unknown,47.7083333333,-91.9416666667,16397,45,18.0
Sediment-Hosted,Precambrian,-16.933055555556,30.15,16404,9,8.0
Porphyry,Cenozoic,22.123619596776,95.03357505746,16510,16,12.0
Magmatic sulfide,Precambrian,46.5177777778,-81.0588888889,16722,14,7.0
VMS,Paleozoic,47.5252777778,-66.4316666667,16723,22,14.0
VMS,Paleozoic,-31.25874246,146.8696319,16762,28,16.0
IOCG,Paleozoic,19.2366666667,109.043333333,17046,48,19.0
Sediment-Hosted,Precambrian,-13.4608742,24.9932957,17053,12,9.0
VMS,Precambrian,65.230748903939,18.88184022886,17055,48,19.0
Sediment-Hosted,Unknown,-22.978311,17.077479,17154,12,8.0
Porphyry,Cenozoic,-5.2080348283979,141.13899815844,17175,32,19.0
VMS,Paleozoic,33.5138888889,132.655555556,17373,9,7.0
VMS,Precambrian,54.962555555556,-99.728194444444,17460,23,13.0
VMS,Mesozoic,15.55,-89.7166666667,17539,15,12.0
VMS,Paleozoic,-35.062222222222,149.57027777778,17692,34,21.0
Porphyry,Cenozoic,48.1975,-120.978888889,17816,28,20.0
Porphyry,Unknown,47.4966666667,-121.36,18255,22,15.0
Porphyry,Cenozoic,48.0086111111,-121.503611111,18270,23,18.0
Magmatic sulfide,Precambrian,-21.9469444444,27.8552777778,18379,17,9.0
Porphyry,Mesozoic,30.3333333333,-109.633333333,18441,18,13.0
VMS,Precambrian,64.8256136963,20.2283273935,18571,16,12.0
VMS,Precambrian,65.375332040886,18.641685962502,18578,10,6.0
VMS,Precambrian,64.9232070708,20.0928840623,18580,10,9.0
VMS,Precambrian,64.9391649158,20.0698227881,18581,15,12.0
VMS,Precambrian,64.922144814,20.2669007776,18583,28,17.0
VMS,Paleozoic,48.462462,-3.6091719999999,18672,25,13.0
VMS,Paleozoic,51.6333333333,81.75,18705,3,2.0
VMS,Mesozoic,35.097000904691,32.890835189352,18790,26,12.0
IOCG,Unknown,63.7583,-116.9167,18837,26,16.0
VMS,Precambrian,-28.408309962785,121.14965749495,18839,47,21.0
Magmatic sulfide,Unknown,-17.06367713504,31.655559539795,18963,9,5.0
Sediment-Hosted,Precambrian,0.20487741679014,30.002605319023,19036,20,15.0
IOCG,Unknown,-20.9522349734,140.980773926,19062,20,14.0
Sediment-Hosted,Precambrian,-32.1075,138.77,19089,6,5.0
VMS,Paleozoic,-41.588229072894,145.71030842773,19265,15,14.0
VMS,Paleozoic,50.357467942368,83.540028127001,19429,45,21.0
VMS,Paleozoic,45.229721069336,-116.66889190674,19493,19,15.0
Porphyry,Cenozoic,50.9238888889,-121.421111111,19949,14,10.0
VMS,Precambrian,56.475,-99.6372222222,19966,21,14.0
VMS,Precambrian,23.851570017734,40.939985211657,19975,26,16.0
Sediment-Hosted,Precambrian,-10.677777777778,25.535277777778,20111,34,18.0
VMS,Paleozoic,48.291666666667,86.333333333333,20269,33,22.0
Porphyry,Mesozoic,39.04741,-119.2407,21099,18,12.0
Magmatic sulfide,Unknown,41.1666666667,117.383333333,21132,19,11.0
Porphyry,Cenozoic,16.2627777778,120.6225,21538,37,18.0
Porphyry,Cenozoic,29.945,55.8619444444,21589,61,22.0
VMS,Paleozoic,33.9038888889,133.541666667,21603,15,11.0
VMS,Precambrian,54.719166666667,-101.82527777778,21605,14,12.0
Magmatic sulfide,Precambrian,-19.776944444444,29.365833333333,21638,4,3.0
VMS,Mesozoic,41.041111111111,40.76,21755,35,20.0
Magmatic sulfide,Unknown,22.75,33.6,22091,38,17.0
Porphyry,Mesozoic,48.9947222222,-119.477777778,22183,17,12.0
Porphyry,Mesozoic,48.6144444444,-120.381944444,22204,22,16.0
Sediment-Hosted,Mesozoic,38.3108333333,-108.948888889,22531,29,17.0
Sediment-Hosted,Unknown,34.5166666667,-99.55,22701,20,13.0
Porphyry,Cenozoic,31.8708333333,-111.133333333,22945,21,16.0
VMS,Mesozoic,-54.829694444444,-68.395836111111,22987,10,7.0
VMS,Paleozoic,64.626159,13.102498,23128,14,11.0
VMS,Paleozoic,37.638611111111,-6.8569444444444,23197,24,12.0
Porphyry,Cenozoic,-29.0,-67.75,23362,43,19.0
VMS,Precambrian,54.856080555556,-99.941711111111,23365,18,11.0
VMS,Mesozoic,41.36028851,44.44438468,23547,30,16.0
Sediment-Hosted,Unknown,-12.5419553,27.8545867,24511,24,16.0
IOCG,Precambrian,-6.0325,-50.566388888889,24995,67,27.0
Porphyry,Mesozoic,42.546944444444,24.135833333333,25120,69,28.0
Porphyry,Mesozoic,42.75,24.0333333333,25121,73,25.0
Sediment-Hosted,Unknown,29.75589558947,34.989183355439,25286,23,16.0
Sediment-Hosted,Paleozoic,34.81733,-97.24153,25293,19,12.0
VMS,Precambrian,65.65,-112.816666667,25303,56,21.0
Porphyry,Cenozoic,-17.245252375894,-70.613077242235,25368,28,19.0
Porphyry,Unknown,28.6322317118,-109.623084381,25444,4,3.0
Porphyry,Cenozoic,8.5,-81.7833333333,25581,16,12.0
VMS,Mesozoic,22.89167,-83.24444,25611,9,7.0
VMS,Mesozoic,22.066666666667,-80.116666666667,25612,5,4.0
VMS,Cenozoic,20.046255874675,-75.944366455078,25613,20,16.0
VMS,Mesozoic,22.47,-84.13,25615,5,4.0
VMS,Precambrian,45.4708333333,-88.9194444444,25693,30,18.0
Magmatic sulfide,Precambrian,56.33,-62.0952777778,25759,46,21.0
Porphyry,Cenozoic,29.858957075158,-109.95820999146,25845,22,18.0
Porphyry,Cenozoic,46.3561111111,-122.080555556,25904,21,16.0
VMS,Precambrian,48.3597222222,-79.0825,25940,6,5.0
Porphyry,Mesozoic,44.123348392154,22.114625566226,25949,36,22.0
Magmatic sulfide,Unknown,-24.775342067169,27.350738258634,25958,9,4.0
VMS,Paleozoic,47.3966666667,-66.1297222222,26138,10,9.0
Porphyry,Mesozoic,49.018733427287,104.12498717579,26155,33,22.0
VMS,Paleozoic,49.6,-56.0075,26201,21,14.0
Magmatic sulfide,Unknown,-20.332577642886,30.059181153774,26314,17,7.0
IOCG,Unknown,-19.4478422436,133.818891957,26538,9,7.0
Porphyry,Unknown,38.98351,-119.19408,26686,17,12.0
Sediment-Hosted,Precambrian,-30.1766666667,139.279166667,26702,21,14.0
IOCG,Unknown,22.575,103.8,27056,34,22.0
Porphyry,Mesozoic,44.3833333333,21.95,27162,43,24.0
Porphyry,Cenozoic,-26.4983333333,-69.3994444444,27221,43,23.0
Porphyry,Cenozoic,-26.2444444444,-69.5575,27227,41,23.0
Porphyry,Cenozoic,-4.0560167339,137.113198169,27261,27,16.0
VMS,Precambrian,19.983247964966,42.012391984463,27717,4,3.0
VMS,Paleozoic,40.7333333333,-122.083333333,27934,18,13.0
Sediment-Hosted,Precambrian,-17.3758333333,30.0688888889,28042,7,6.0
VMS,Mesozoic,38.2833328247,39.7666664124,28095,44,21.0
VMS,Mesozoic,35.074463,32.843125,28109,29,15.0
VMS,Mesozoic,35.1041666667,32.8458333333,28110,5,5.0
VMS,Mesozoic,35.036793294095,32.482280733821,28152,4,4.0
Porphyry,Cenozoic,33.4077777778,-110.954722222,28230,46,27.0
Porphyry,Cenozoic,-27.3708333333,-66.28,28448,44,24.0
VMS,Paleozoic,13.2,124.15,28584,5,5.0
Porphyry,Unknown,10.313948183707,123.71268376923,28588,29,17.0
VMS,Paleozoic,34.2475,135.438888889,28719,25,10.0
VMS,Paleozoic,34.0288888889,134.322222222,28720,5,4.0
VMS,Paleozoic,34.0211111111,134.225,28721,7,5.0
VMS,Paleozoic,35.085,137.833333333,28722,12,9.0
VMS,Paleozoic,33.8277777778,133.472222222,28723,16,11.0
VMS,Paleozoic,36.6291666667,140.605555556,28724,20,12.0
VMS,Precambrian,65.372503014476,18.649008035572,29703,25,15.0
Porphyry,Mesozoic,50.6611111111,-120.515,30204,44,24.0
Sediment-Hosted,Precambrian,34.2718898,69.2937133,30621,19,13.0
Sediment-Hosted,Unknown,-27.600833333333,-70.163055555556,30673,90,26.0
Porphyry,Cenozoic,29.805,-104.4025,30976,11,9.0
Porphyry,Cenozoic,32.0275,-111.080555556,32000,9,8.0
Porphyry,Cenozoic,32.10292,-110.06876,32440,54,22.0
Sediment-Hosted,Cenozoic,-19.361370105939,-66.861841680366,32562,21,13.0
VMS,Unknown,67.137472,16.059489,32728,18,13.0
IOCG,Unknown,63.548220882342,-116.74073296354,32750,35,18.0
VMS,Unknown,59.3572222222,5.23083333333,32790,20,17.0
Porphyry,Precambrian,64.9872222222,19.7716666667,33241,15,10.0
VMS,Paleozoic,64.853111,13.884918,33954,18,13.0
VMS,Paleozoic,68.200929,15.991373,34420,9,6.0
VMS,Paleozoic,67.095265,16.001146,34428,33,13.0
Porphyry,Cenozoic,-27.3297222222,-66.6088888889,34975,33,19.0
VMS,Paleozoic,68.329524898,16.7902514037,35613,13,8.0
VMS,Unknown,67.132786,16.089266,36285,18,12.0
VMS,Paleozoic,62.10968,9.824278,36363,20,14.0
Porphyry,Mesozoic,-30.241578766321,-71.102801250415,36818,33,23.0
Porphyry,Unknown,35.3674943,-114.1410656,37441,31,20.0
Sediment-Hosted,Mesozoic,38.2411,-109.26375,38508,38,16.0
Porphyry,Precambrian,-24.272220317269,-69.068275471678,39272,56,27.0
Porphyry,Cenozoic,-20.98305202099,-68.673347057618,39273,79,30.0
Porphyry,Cenozoic,-21.9205555556,-68.8325,39275,29,19.0
Sediment-Hosted,Paleozoic,-11.1688888889,27.0091666667,41271,21,10.0
Sediment-Hosted,Precambrian,-10.9525,26.7722222222,41272,3,3.0
Sediment-Hosted,Precambrian,-10.8466666667,26.4783333333,41275,12,9.0
Sediment-Hosted,Unknown,31.169445037842,-104.90000152588,42054,18,13.0
Sediment-Hosted,Unknown,31.224445343018,-104.90528106689,42058,11,9.0
Sediment-Hosted,Precambrian,-10.728248534883,26.381352481256,42400,14,7.0
IOCG,Cenozoic,-31.4277777778,140.468611111,43252,25,19.0
Porphyry,Cenozoic,-8.9656674438947,116.86724497085,43582,42,22.0
Porphyry,Unknown,-0.5,113.183333333,43585,9,9.0
Porphyry,Mesozoic,34.5811111111,-113.203888889,43642,80,31.0
Sediment-Hosted,Precambrian,-10.719444444444,25.402777777778,44003,54,16.0
VMS,Precambrian,34.4558333333,-112.193888889,44061,19,13.0
Porphyry,Mesozoic,32.96821,-107.5417,44124,25,19.0
VMS,Paleozoic,-23.300852777778,150.65216944444,44460,17,12.0
VMS,Precambrian,34.545,-113.230277778,44769,21,17.0
Sediment-Hosted,Precambrian,47.48157,-115.72882,45680,13,10.0
Sediment-Hosted,Unknown,47.49017,-115.76322,45788,5,5.0
Sediment-Hosted,Unknown,47.499249132,-115.75112466,45790,7,6.0
VMS,Precambrian,64.958201522173,19.837623594794,45920,5,4.0
VMS,Unknown,67.14302,16.034353,46287,6,6.0
VMS,Paleozoic,62.15085,10.087722,46329,19,16.0
VMS,Paleozoic,62.139762175078,9.9936747550964,46331,35,21.0
VMS,Precambrian,65.006890719953,19.613289356057,46414,8,7.0
VMS,Paleozoic,38.034842007676,-8.4232566983213,46421,43,22.0
VMS,Paleozoic,38.281718,-7.729614,46745,13,10.0
VMS,Unknown,34.4555555556,-112.192777778,46971,35,18.0
IOCG,Unknown,41.859761,78.195299,46972,28,16.0
Porphyry,Paleozoic,42.66526992821,75.579408637148,47606,20,17.0
VMS,Paleozoic,69.736273,21.591482,47837,14,11.0
Magmatic sulfide,Precambrian,61.6805555556,-73.6833333333,47950,23,11.0
VMS,Precambrian,35.759107943126,-105.66824490989,48271,12,9.0
VMS,Paleozoic,62.795424,11.473154,48424,13,11.0
Magmatic sulfide,Unknown,33.25,106.366666667,48983,45,17.0
VMS,Precambrian,34.500831604004,-112.25666809082,50665,17,14.0
Porphyry,Mesozoic,32.67,-110.67,50863,31,20.0
Porphyry,Mesozoic,32.5230555556,-111.901944444,51058,29,19.0
Magmatic sulfide,Precambrian,38.4666666667,102.166666667,52166,83,22.0
Porphyry,Cenozoic,33.061157395057,-111.40899089207,52775,23,17.0
Porphyry,Cenozoic,32.954448464616,-111.81661605835,53487,26,16.0
VMS,Cenozoic,38.1527777778,140.197222222,53669,7,7.0
Porphyry,Cenozoic,-22.85357,-69.34511,54260,10,5.0
Porphyry,Cenozoic,43.0927777778,-111.322777778,54489,14,10.0
Porphyry,Cenozoic,-17.0455555556,-70.7072222222,55427,33,18.0
Porphyry,Unknown,-16.5352777778,-71.5916666667,55597,31,18.0
Sediment-Hosted,Paleozoic,48.26667,67.3333,55929,6,5.0
IOCG,Precambrian,-25.2567587597,28.580646074,56211,70,26.0
VMS,Paleozoic,33.9333333333,133.633333333,56379,4,3.0
Magmatic sulfide,Unknown,-23.987938588912,28.904128281476,56760,36,12.0
VMS,Unknown,48.293,-2.933,56940,12,11.0
Porphyry,Cenozoic,-18.0416666667,178.175,58352,33,20.0
VMS,Paleozoic,40.5422222222,-117.556944444,58783,22,15.0
Porphyry,Cenozoic,40.6875,-117.083333333,59571,10,9.0
VMS,Mesozoic,-0.39,-78.925,60100,17,13.0
VMS,Mesozoic,-0.925533,-79.061604,60101,11,9.0
Porphyry,Cenozoic,40.548538,-117.13252,60113,53,27.0
Porphyry,Mesozoic,40.6119444444,-117.036111111,60164,31,19.0
Porphyry,Cenozoic,41.5105555556,22.6019444444,62248,54,24.0
Porphyry,Unknown,33.0666666667,-110.796111111,62514,15,11.0
Porphyry,Mesozoic,35.4833333333,-115.133333333,63180,9,7.0
Porphyry,Unknown,33.535833,54.544444,63563,32,19.0
VMS,Precambrian,42.016666666667,124.51527777778,64183,44,26.0
Porphyry,Mesozoic,29.681789169728,115.80344526855,64292,45,23.0
Porphyry,Unknown,39.03,-119.18,64347,11,9.0
VMS,Mesozoic,41.416934906985,44.542694091797,64578,7,7.0
Porphyry,Cenozoic,29.9997222222,114.837777778,64759,34,18.0
Sediment-Hosted,Cenozoic,-17.68,-68.37,65223,13,10.0
VMS,Precambrian,60.229,23.539,65283,23,14.0
IOCG,Precambrian,-20.739163888889,140.65382222222,65285,30,19.0
VMS,Precambrian,34.50232,-83.9593,66858,18,12.0
VMS,Precambrian,33.75774,-84.93281,66898,4,3.0
Sediment-Hosted,Precambrian,62.691902777778,-126.665375,68115,16,9.0
VMS,Paleozoic,-20.7303225905,140.420393451,68188,11,9.0
Porphyry,Cenozoic,46.314033189009,23.169895112514,68257,43,25.0
Porphyry,Unknown,32.5891666667,-112.053888889,68700,15,13.0
Porphyry,Cenozoic,9.8035347634699,122.45720684612,69552,15,12.0
Sediment-Hosted,Precambrian,30.0944444444,-8.35,71511,3,2.0
VMS,Cenozoic,42.475,141.05,73136,3,3.0
VMS,Cenozoic,40.7291666667,140.958333333,73233,51,22.0
VMS,Mesozoic,19.036683507473,-100.22958260237,73255,26,17.0
VMS,Mesozoic,37.9763888889,-120.642777778,75449,3,3.0
VMS,Mesozoic,37.6013888889,-120.315833333,81928,7,7.0
VMS,Mesozoic,39.1155555556,-121.270555556,84746,7,4.0
VMS,Mesozoic,39.0308333333,-121.288055556,85223,3,3.0
Porphyry,Mesozoic,40.2166666667,-120.783333333,86332,34,18.0
VMS,Paleozoic,40.7252777778,-122.498055556,92443,13,12.0
VMS,Paleozoic,40.7991666667,-122.202777778,92495,16,11.0
VMS,Mesozoic,41.95,-123.1,93923,10,9.0
VMS,Mesozoic,39.175,-121.291666667,98618,4,4.0
Sediment-Hosted,Mesozoic,32.75,-0.583333333333,105775,3,3.0
Porphyry,Cenozoic,46.0108333333,-112.48,107252,37,20.0
VMS,Cenozoic,35.1644444444,132.441666667,108163,34,18.0
Porphyry,Cenozoic,-20.0447222222,-69.2597222222,108197,24,14.0
VMS,Precambrian,-28.7780555556,116.962777778,109677,28,16.0
VMS,Precambrian,-27.046141130114,117.71221058717,109688,9,8.0
Porphyry,Mesozoic,37.4063888889,-108.088333333,114858,24,18.0
Porphyry,Cenozoic,-31.7138888889,-70.4888888889,122228,31,20.0
IOCG,Unknown,31.8333333333,59.0,122266,37,20.0
Magmatic sulfide,Precambrian,-27.8152777778,120.704166667,122759,29,10.0
Magmatic sulfide,Precambrian,-26.8833333333,120.383333333,122767,30,13.0
Porphyry,Mesozoic,50.480831312986,-121.0142405168,122804,34,23.0
Porphyry,Paleozoic,50.558838888889,6.1339666666667,122928,46,24.0
Porphyry,Cenozoic,-9.797208,160.022208,122945,10,7.0
VMS,Precambrian,-21.0805555556,116.925,122949,19,11.0
Porphyry,Precambrian,-21.65937462058,119.97837714324,122950,17,13.0
Porphyry,Precambrian,-21.788877237102,119.87376717439,122951,10,8.0
Sediment-Hosted,Precambrian,-13.1325,28.3925,123105,8,6.0
Magmatic sulfide,Unknown,47.7208333333,-91.8241666667,123423,19,8.0
Porphyry,Mesozoic,35.3072222222,99.7886111111,123464,42,22.0
IOCG,Precambrian,26.1,101.9,123470,58,27.0
Sediment-Hosted,Precambrian,46.8333333333,-87.75,124002,8,6.0
VMS,Mesozoic,35.036111111111,33.116388888889,125608,7,4.0
Sediment-Hosted,Precambrian,-23.7894444444,16.6438888889,126508,15,10.0
Sediment-Hosted,Precambrian,-30.5233954,138.5314475,126948,4,4.0
IOCG,Precambrian,-20.625,140.688333333,127294,43,19.0
Porphyry,Paleozoic,43.00348378007,106.85218868256,127444,24,19.0
Porphyry,Cenozoic,41.1218,41.9498,131133,21,14.0
VMS,Paleozoic,45.7719444444,-71.31,131315,15,13.0
VMS,Unknown,40.3472222222,140.766666667,131316,31,20.0
Porphyry,Unknown,48.23,-121.5658,132210,7,7.0
Sediment-Hosted,Cenozoic,-17.4789,-68.356,132305,5,4.0
Porphyry,Precambrian,19.7,-97.8166666667,132814,6,6.0
Porphyry,Cenozoic,-22.5333333333,-69.9166666667,133117,16,14.0
Porphyry,Cenozoic,29.4694444444,90.0277777778,134565,18,13.0
Porphyry,Cenozoic,29.6294444444,91.5988888889,134575,30,21.0
Porphyry,Cenozoic,29.7111111111,91.8388888889,134576,73,25.0
Magmatic sulfide,Precambrian,22.8583333333,102.966666667,134599,33,16.0
VMS,Precambrian,24.1,101.683333333,134605,23,14.0
Porphyry,Mesozoic,31.1416666667,117.283333333,134676,39,24.0
IOCG,Precambrian,26.183333333333,102.98333333333,134745,22,14.0
Porphyry,Cenozoic,26.158205559589,100.18367765932,134936,66,27.0
Sediment-Hosted,Cenozoic,-17.329166666667,-68.407777777778,135092,9,8.0
Sediment-Hosted,Unknown,-31.1130555556,137.153055556,135234,6,4.0
IOCG,Unknown,-31.2144444444,137.497222222,135235,28,18.0
Porphyry,Mesozoic,25.1852777778,116.4075,135237,46,20.0
VMS,Precambrian,34.384781223876,100.11875336329,135298,41,24.0
Porphyry,Cenozoic,29.5111111111,90.0,135329,21,17.0
Porphyry,Unknown,45.3563888889,-113.993611111,136123,4,4.0
Porphyry,Cenozoic,29.5,91.4055555556,142172,18,14.0
Porphyry,Cenozoic,30.0,98.5,142173,21,14.0
Porphyry,Cenozoic,31.2333333333,97.8666666667,142174,10,9.0
Porphyry,Cenozoic,31.1666666667,97.8583333333,142183,13,11.0
Porphyry,Cenozoic,30.4666666667,98.5,142185,22,15.0
Porphyry,Cenozoic,31.4833333333,97.35,142186,3,3.0
Porphyry,Cenozoic,29.4916666667,90.9222222222,142189,10,9.0
Porphyry,Cenozoic,31.25,97.7333333333,142195,13,10.0
Porphyry,Paleozoic,42.0666666667,92.5333333333,142686,18,15.0
Porphyry,Paleozoic,42.1166666667,92.6166666667,142687,33,21.0
Porphyry,Paleozoic,42.3583333333,94.7555555556,142688,14,12.0
Porphyry,Paleozoic,42.1666666667,92.85,142689,12,11.0
Porphyry,Paleozoic,42.2,92.9666666667,142690,13,12.0
Porphyry,Paleozoic,42.5333333333,91.9166666667,142691,15,12.0
Porphyry,Mesozoic,28.038611111111,99.989722222222,142692,35,20.0
Porphyry,Paleozoic,42.25,112.5,142695,24,18.0
Porphyry,Mesozoic,49.425,117.298888889,142696,32,20.0
Porphyry,Mesozoic,32.0666666667,119.1,142697,29,19.0
Porphyry,Paleozoic,50.1313888889,125.786111111,142698,29,19.0
Porphyry,Mesozoic,29.8172222222,115.4525,142699,29,17.0
Porphyry,Precambrian,35.3166666667,111.666666667,142700,32,19.0
Porphyry,Cenozoic,29.65,87.479166666667,142703,15,13.0
Magmatic sulfide,Unknown,42.866666666667,127.375,143447,16,15.0
Magmatic sulfide,Unknown,41.670833333333,125.70833333333,143624,32,16.0
Magmatic sulfide,Mesozoic,43.3027777778,127.419444444,143633,4,3.0
Magmatic sulfide,Mesozoic,42.8833333333,126.5,143648,16,8.0
Magmatic sulfide,Unknown,43.1291666667,129.668055556,143685,4,3.0
Porphyry,Unknown,-32.7227777778,148.195,143718,23,17.0
VMS,Paleozoic,42.35,113.433333333,143888,19,13.0
Porphyry,Paleozoic,-32.9669601279,147.758734576,143892,27,20.0
Magmatic sulfide,Paleozoic,46.7575,89.6763888889,143975,77,22.0
Magmatic sulfide,Paleozoic,42.3367557,94.73407634,144051,44,16.0
VMS,Paleozoic,42.280555555556,89.5225,144055,37,22.0
Magmatic sulfide,Paleozoic,42.25,94.1166666667,144069,17,12.0
Magmatic sulfide,Paleozoic,42.15,94.2666666667,144070,3,3.0
Magmatic sulfide,Paleozoic,42.29718102,94.60404525,144071,11,5.0
Magmatic sulfide,Paleozoic,42.2166666667,94.6833333333,144072,6,5.0
Magmatic sulfide,Paleozoic,42.39329096,94.58143114,144073,41,18.0
Magmatic sulfide,Paleozoic,42.70423487,95.70082923,144081,7,5.0
Magmatic sulfide,Unknown,41.92970185,94.98848499,144083,31,16.0
IOCG,Paleozoic,46.8480555556,89.7130555556,144270,26,15.0
VMS,Paleozoic,47.3527777778,89.1983333333,144272,32,18.0
Magmatic sulfide,Unknown,45.1277777778,131.344444444,144450,21,12.0
IOCG,Precambrian,25.5472222222,102.229166667,144548,38,22.0
Magmatic sulfide,Unknown,36.05,102.2,144713,15,9.0
VMS,Mesozoic,31.25,99.5666666667,144903,18,12.0
VMS,Paleozoic,36.6427777778,104.262222222,144955,23,18.0
VMS,Paleozoic,36.6577777778,104.229444444,144957,26,16.0
VMS,Paleozoic,36.783333333333,103.7,144964,13,10.0
VMS,Paleozoic,36.64905,104.25845,144966,8,7.0
VMS,Precambrian,34.9,106.483333333,145027,14,10.0
VMS,Paleozoic,37.4,101.1,145060,12,9.0
VMS,Precambrian,29.9333333333,120.5,145237,17,15.0
IOCG,Precambrian,-5.7878388888889,-50.537411111111,145877,49,22.0
IOCG,Precambrian,-6.43083773729,-50.068699121475,145879,42,22.0
IOCG,Unknown,-6.382435109319,-49.547460855723,145884,28,16.0
VMS,Mesozoic,44.2083333333,142.702777778,146259,15,10.0
Porphyry,Mesozoic,39.1438888889,46.1377777778,146855,41,23.0
VMS,Mesozoic,31.1844444444,99.5386111111,146933,49,24.0
Magmatic sulfide,Paleozoic,26.3166666667,102.083333333,147060,3,3.0
Magmatic sulfide,Unknown,26.7952777778,101.575,147067,7,5.0
VMS,Paleozoic,59.349836,5.232108,147142,5,5.0
VMS,Precambrian,28.4938888889,101.688888889,147151,19,13.0
Sediment-Hosted,Mesozoic,26.5225,102.2,153539,28,14.0
Sediment-Hosted,Precambrian,24.116666666667,102.16666666667,155468,14,10.0
Magmatic sulfide,Unknown,25.05,100.866666667,155526,47,14.0
Sediment-Hosted,Precambrian,24.15,102.16666666667,155678,20,13.0
Porphyry,Paleozoic,50.6166666667,19.3666666667,155764,44,26.0
Magmatic sulfide,Paleozoic,25.7833333333,101.9,155865,14,8.0
Porphyry,Mesozoic,-38.25,-70.5833333333,155867,17,12.0
Porphyry,Cenozoic,29.6833333333,88.9333333333,155898,11,9.0
Porphyry,Cenozoic,8.63333333333,-82.2,155979,9,8.0
VMS,Paleozoic,45.3191666667,-71.9202777778,156937,20,14.0
Magmatic sulfide,Precambrian,24.975,108.758333333,157684,17,9.0
Porphyry,Cenozoic,31.112474953211,-110.43371371659,158068,54,19.0
VMS,Paleozoic,37.585133778547,-7.1153895556927,158668,14,5.0
Porphyry,Cenozoic,23.4333333333,121.45,158696,16,15.0
IOCG,Unknown,-26.558435795857,-70.325290753794,158934,18,14.0
IOCG,Unknown,67.769281,20.146252,158941,16,12.0
VMS,Cenozoic,40.278527979238,140.67520582896,159565,19,14.0
Porphyry,Cenozoic,47.0258333333,-112.36,162015,17,13.0
Sediment-Hosted,Unknown,48.0694444444,-115.637777778,163419,9,5.0
Sediment-Hosted,Precambrian,48.2294444444,-115.898611111,164790,24,14.0
Magmatic sulfide,Unknown,47.7502777778,-91.8177777778,166723,25,12.0
VMS,Cenozoic,40.25,140.6,171360,19,13.0
VMS,Paleozoic,51.47,58.49,175692,48,19.0
Porphyry,Cenozoic,40.615907067831,-111.40513630613,183025,15,11.0
Porphyry,Cenozoic,39.8580555556,-112.125,183459,9,7.0
Sediment-Hosted,Precambrian,-10.815,26.5886111111,185349,4,4.0
Porphyry,Cenozoic,22.815784307634,103.02956451205,185556,32,18.0
Porphyry,Cenozoic,22.8833333333,102.583333333,185558,15,12.0
VMS,Paleozoic,57.384914,61.535013,185726,37,20.0
Magmatic sulfide,Unknown,41.86751307,94.92629621,185761,32,20.0
Magmatic sulfide,Unknown,40.21668356,91.51722021,185767,17,9.0
Sediment-Hosted,Cenozoic,-18.181922222222,-68.192369444444,185781,10,8.0
VMS,Paleozoic,54.12,59.33,185841,36,20.0
VMS,Mesozoic,31.5666666667,99.3,186441,17,12.0
VMS,Paleozoic,24.3333333333,99.75,186761,8,6.0
VMS,Precambrian,49.7694444444,-77.5705555556,186817,8,5.0
VMS,Precambrian,49.7891666667,-77.8355555556,186819,6,5.0
VMS,Precambrian,49.7755555556,-77.6575,186820,7,6.0
VMS,Precambrian,49.7269444444,-77.7455555556,186826,6,5.0
VMS,Precambrian,49.71,-77.7077777778,186827,7,6.0
Sediment-Hosted,Unknown,27.95,110.116666667,187080,3,3.0
Sediment-Hosted,Cenozoic,26.5416666667,112.475,187092,19,16.0
Porphyry,Cenozoic,18.9166666667,102.933333333,187465,15,11.0
VMS,Cenozoic,60.0583333333,-147.903333333,187984,19,13.0
VMS,Cenozoic,60.02175,-147.91921,187986,7,7.0
VMS,Cenozoic,60.8947222222,-146.701388889,187989,8,7.0
VMS,Cenozoic,60.8533333333,-146.5375,187990,9,8.0
Porphyry,Cenozoic,-21.00168271738,-68.808583068848,188053,56,26.0
VMS,Cenozoic,40.323333333333,140.55333333333,188080,17,13.0
Sediment-Hosted,Mesozoic,-27.7583333333,-70.1916666667,188137,31,17.0
Sediment-Hosted,Unknown,-8.8968317923421,28.268504280197,188882,20,13.0
Porphyry,Cenozoic,-20.9927777778,-68.6372222222,189175,22,16.0
VMS,Paleozoic,54.166353512661,59.293088063831,190419,27,14.0
VMS,Paleozoic,51.42382079,60.20430834,190420,13,10.0
Magmatic sulfide,Unknown,-21.212079647903,27.765530415137,190656,18,12.0
IOCG,Precambrian,-6.4192737725761,-50.063018153994,190718,33,18.0
IOCG,Unknown,-6.3972321230049,-50.1044117399,190736,44,24.0
Porphyry,Cenozoic,-6.4,-49.6166666667,191095,14,11.0
IOCG,Unknown,-27.526505311158,-70.294626892646,191196,26,16.0
Porphyry,Cenozoic,-23.8883333333,-69.3141666667,191199,18,12.0
Porphyry,Cenozoic,-23.410833,-68.818888,191200,12,9.0
IOCG,Precambrian,-20.4442714432,140.705879402,191789,37,22.0
IOCG,Precambrian,-22.0933175,140.572909,191790,17,11.0
Porphyry,Precambrian,28.033333,-113.56666,191823,24,18.0
IOCG,Unknown,65.082098723874,-134.25716069779,191825,12,10.0
IOCG,Unknown,64.995973603824,-133.998246987,191826,20,14.0
IOCG,Unknown,65.04972402761,-138.13556224874,191827,8,7.0
IOCG,Unknown,65.046936236276,-134.62832740633,191828,13,9.0
IOCG,Unknown,64.973060423158,-134.40582926709,191829,13,11.0
IOCG,Unknown,65.026038635097,-134.41257478951,191830,10,8.0
VMS,Mesozoic,35.4333333333,99.6833333333,191851,17,12.0
Porphyry,Paleozoic,53.4333333333,96.6666666667,191957,28,20.0
Porphyry,Cenozoic,-7.01666666667,-78.3166666667,191971,24,17.0
Porphyry,Cenozoic,-7.0383782713972,-78.321445428196,191972,37,22.0
Porphyry,Cenozoic,-6.915,-78.3594444444,191973,20,14.0
Magmatic sulfide,Unknown,36.6,100.866666667,192016,4,3.0
VMS,Paleozoic,38.247394,100.02285,192017,11,9.0
VMS,Paleozoic,37.4166666667,102.0,192018,5,4.0
Porphyry,Paleozoic,-39.1833333333,-70.6333333333,192115,13,11.0
VMS,Paleozoic,61.426944444444,-130.13222222222,192116,15,10.0
VMS,Paleozoic,61.883333333333,-131.41666666667,192120,15,13.0
VMS,Mesozoic,40.6175,39.347777777778,192198,11,9.0
Sediment-Hosted,Mesozoic,25.8583333333,101.391666667,192407,16,11.0
Magmatic sulfide,Precambrian,24.995422222222,108.77481388889,192786,11,5.0
Magmatic sulfide,Precambrian,24.991786111111,108.85221944444,192788,11,5.0
VMS,Precambrian,54.860116666667,-99.994002777778,193448,10,6.0
VMS,Unknown,41.2517,41.5811,193482,24,17.0
VMS,Mesozoic,40.87,38.6666,193486,8,7.0
VMS,Paleozoic,53.107081,55.367362,193982,29,15.0
VMS,Paleozoic,56.71,60.09,194033,12,9.0
VMS,Unknown,58.363056,52.362778,194041,18,15.0
VMS,Paleozoic,49.811686111111,-55.805925,194178,3,3.0
Porphyry,Cenozoic,46.15,22.8,194183,32,14.0
Porphyry,Mesozoic,38.96,-119.27,194553,48,23.0
VMS,Precambrian,49.0008333333,-79.3663888889,194599,14,10.0
Porphyry,Cenozoic,34.55,49.2666666667,194690,7,6.0
Porphyry,Cenozoic,32.7508333333,-110.475833333,194728,41,21.0
Porphyry,Mesozoic,1.24166666667,-76.6666666667,194773,28,17.0
VMS,Paleozoic,31.868106326343,-8.1770946993493,195124,29,17.0
Porphyry,Cenozoic,54.9463888889,-126.156666667,195133,18,14.0
Porphyry,Cenozoic,55.1944444444,-126.315277778,195134,24,15.0
VMS,Precambrian,54.702085362391,-101.71880722046,195346,7,6.0
VMS,Mesozoic,40.75,40.25,195350,13,10.0
VMS,Precambrian,51.1111111111,-92.6722222222,195374,12,11.0
Porphyry,Unknown,-13.766666,-75.716666,195392,18,14.0
VMS,Precambrian,54.854261111111,-100.493675,195437,6,5.0
VMS,Precambrian,54.8594181364,-99.9136161804,195439,3,3.0
VMS,Precambrian,54.7775,-101.8825,195445,9,8.0
VMS,Precambrian,54.702555555556,-101.67497222222,195447,6,6.0
VMS,Precambrian,54.726944444444,-101.83222222222,195451,3,3.0
VMS,Precambrian,54.676944444444,-102.02861111111,195453,5,4.0
VMS,Mesozoic,41.1269,41.126,195460,18,15.0
VMS,Paleozoic,37.709724,-6.8515252527005,195554,6,6.0
Porphyry,Mesozoic,57.125,-131.45,195671,33,21.0
VMS,Mesozoic,60.121,-152.954,195712,13,13.0
IOCG,Unknown,-29.7194444444,135.583333333,195768,21,15.0
Porphyry,Cenozoic,-20.175,-69.0833333333,195846,11,10.0
Porphyry,Cenozoic,-19.8097222222,-69.2805555556,196016,13,11.0
VMS,Paleozoic,67.1738888889,-156.386944444,196312,13,11.0
Porphyry,Mesozoic,62.1052777778,-141.215833333,196390,7,7.0
Porphyry,Cenozoic,56.5116666667,-158.384722222,196445,15,14.0
Sediment-Hosted,Unknown,63.2127777778,-149.650833333,196547,9,8.0
Sediment-Hosted,Unknown,61.515,-142.836944444,196592,20,10.0
Porphyry,Unknown,62.1977777778,-142.702777778,196596,10,10.0
Sediment-Hosted,Unknown,63.2227777778,-149.638888889,196701,4,3.0
VMS,Cenozoic,60.3522222222,-147.65,197027,9,7.0
VMS,Paleozoic,63.2683333333,-144.265,197159,12,11.0
VMS,Paleozoic,67.1247222222,-155.956944444,198217,8,7.0
Porphyry,Cenozoic,60.36,-154.32,198360,11,9.0
Sediment-Hosted,Unknown,63.2077777778,-149.652777778,198517,6,6.0
Sediment-Hosted,Unknown,63.2258333333,-149.623888889,198681,3,3.0
Porphyry,Cenozoic,59.0194444444,-137.083333333,198741,11,10.0
Porphyry,Unknown,58.99,-136.102777778,199212,15,12.0
Porphyry,Mesozoic,62.2038888889,-142.844722222,199265,12,10.0
Porphyry,Mesozoic,59.8969444444,-155.294722222,199343,21,17.0
Sediment-Hosted,Unknown,65.1769444444,-141.052777778,199407,4,4.0
Porphyry,Cenozoic,55.6297222222,-160.67,199526,17,14.0
Sediment-Hosted,Unknown,63.2397222222,-149.61,199695,7,6.0
Porphyry,Cenozoic,64.1333333333,-157.05,199759,24,16.0
Sediment-Hosted,Unknown,63.1638888889,-149.785833333,199951,3,3.0
VMS,Paleozoic,67.0702777778,-155.042777778,200220,15,11.0
Porphyry,Mesozoic,63.5208333333,-141.323611111,200298,25,18.0
VMS,Unknown,35.041434061824,33.107964992523,203361,6,6.0
VMS,Mesozoic,34.976388888889,33.346388888889,203368,4,4.0
Porphyry,Paleozoic,-33.4666666667,149.0,203397,23,15.0
VMS,Precambrian,48.5341666667,-81.5608333333,203668,7,6.0
VMS,Unknown,48.5911111111,-81.605,203671,6,5.0
Porphyry,Mesozoic,56.4675,-130.268888889,203679,14,12.0
Porphyry,Mesozoic,56.5,-130.266666667,203680,26,19.0
Porphyry,Mesozoic,56.6666666667,-131.1,203681,13,10.0
Porphyry,Cenozoic,-5.9666666,150.38333,203737,23,17.0
Porphyry,Cenozoic,-5.1666666,151.71666,203740,17,14.0
Sediment-Hosted,Precambrian,-32.5255555556,138.485833333,203795,28,15.0
VMS,Paleozoic,38.234867,-8.4652,204066,26,17.0
VMS,Paleozoic,37.775328150648,-6.8592882195662,204443,6,6.0
Porphyry,Paleozoic,54.936212607143,61.234102249146,204650,9,7.0
Porphyry,Paleozoic,54.9963888889,61.0880555556,204651,22,15.0
Sediment-Hosted,Paleozoic,51.215080401552,15.733901222229,204813,35,17.0
VMS,Paleozoic,37.799351372967,-6.966848151502,204930,20,11.0
VMS,Paleozoic,37.77543,-8.649542,204949,10,10.0
Porphyry,Cenozoic,38.701,46.705,205026,35,21.0
IOCG,Unknown,67.4957308,23.9213719,205327,10,9.0
IOCG,Unknown,67.556883240796,23.979828357697,205328,9,7.0
VMS,Unknown,45.7666666667,135.966666667,205423,6,5.0
Porphyry,Precambrian,-14.229609307099,-49.372732004979,205449,25,15.0
VMS,Precambrian,48.3552777778,-79.1175,205483,30,14.0
VMS,Cenozoic,37.3880555556,139.441666667,205615,10,9.0
Porphyry,Cenozoic,53.9166666667,157.383333333,205740,7,6.0
Porphyry,Paleozoic,67.8666666667,66.3333333333,205742,12,9.0
Porphyry,Paleozoic,54.9611111111,61.1255555556,205743,9,7.0
Porphyry,Unknown,52.9333333333,96.7833333333,205745,8,7.0
Porphyry,Unknown,29.88,55.8994444444,205747,27,18.0
Porphyry,Cenozoic,30.4205555556,55.1672222222,205749,26,19.0
Porphyry,Cenozoic,28.9,57.2333333333,205750,11,8.0
Porphyry,Paleozoic,48.7083333333,98.3416666667,205756,8,8.0
Porphyry,Mesozoic,46.6833333333,104.883333333,205760,28,18.0
Porphyry,Paleozoic,44.0,106.166666667,205761,23,19.0
Porphyry,Paleozoic,48.7166666667,98.3416666667,205763,6,6.0
Porphyry,Precambrian,-12.6072222222,27.8819444444,205764,10,8.0
Porphyry,Cenozoic,-3.15833333333,119.483333333,205766,13,11.0
Porphyry,Cenozoic,0.951944444444,121.770555556,205767,26,19.0
Porphyry,Cenozoic,0.345277777778,123.402222222,205768,27,18.0
Porphyry,Cenozoic,0.516666666667,123.216666667,205769,21,16.0
Porphyry,Cenozoic,-0.611666666667,128.091666667,205772,3,3.0
Porphyry,Unknown,-0.516666666667,127.583333333,205773,14,10.0
Porphyry,Cenozoic,-7.22,106.56,205784,3,3.0
Porphyry,Unknown,-1.7,101.25,205785,3,3.0
Porphyry,Cenozoic,5.03333333333,95.95,205792,15,11.0
Porphyry,Mesozoic,42.3422222222,26.2958333333,205795,18,13.0
Porphyry,Mesozoic,42.35097,24.213907,205796,29,21.0
Porphyry,Mesozoic,42.3552777778,24.3391666667,205797,23,18.0
Porphyry,Mesozoic,41.9741666667,27.5344444444,205798,24,19.0
Porphyry,Mesozoic,42.4833333333,23.4166666667,205799,13,11.0
Porphyry,Precambrian,-17.5333333333,-51.6,205844,13,10.0
Porphyry,Paleozoic,-37.5736111111,148.008611111,205845,3,3.0
Porphyry,Paleozoic,-37.6113888889,142.6075,205846,10,9.0
Porphyry,Paleozoic,-32.7183333333,140.208888889,205847,22,14.0
Porphyry,Precambrian,-20.890332290252,120.10404179858,205849,19,12.0
Porphyry,Cenozoic,45.9833333333,23.0333333333,205854,35,22.0
Porphyry,Cenozoic,-28.6333333333,-69.8833333333,205857,21,14.0
Porphyry,Cenozoic,-22.9666666667,-69.0583333333,205858,18,12.0
Porphyry,Cenozoic,-27.7833333333,-69.2333333333,205859,17,14.0
Porphyry,Cenozoic,-22.975463130546,-69.061440941728,205860,7,7.0
Porphyry,Cenozoic,-21.9538888889,-68.7355555556,205861,6,6.0
Porphyry,Cenozoic,-20.9016666667,-68.8852777778,205862,21,13.0
Porphyry,Cenozoic,-22.9877777778,-69.0763888889,205864,7,6.0
Porphyry,Cenozoic,-27.2666666667,-66.65,205923,9,9.0
Porphyry,Cenozoic,-27.4,-66.55,205926,10,8.0
Porphyry,Cenozoic,-27.2833333333,-66.5666666667,205927,17,12.0
Porphyry,Cenozoic,-26.3,-67.9,205928,5,4.0
Porphyry,Unknown,-27.3833333333,-66.2166666667,205929,10,8.0
Porphyry,Paleozoic,-30.0,-69.1666666667,205930,10,9.0
Porphyry,Unknown,-30.9333333333,-69.6333333333,205932,4,4.0
Porphyry,Cenozoic,-31.2416666667,-70.1766666667,205933,4,4.0
Porphyry,Cenozoic,-18.1066666667,178.178333333,205935,8,6.0
Porphyry,Cenozoic,39.8116666667,25.1922222222,205936,21,16.0
Porphyry,Cenozoic,41.019946,25.746143,205937,49,24.0
Porphyry,Unknown,41.089063397424,23.130098848306,205938,8,7.0
Porphyry,Unknown,18.5166666667,-70.25,205939,5,5.0
Porphyry,Cenozoic,-22.4666666667,-68.9666666667,205942,4,3.0
Porphyry,Cenozoic,-23.3,-69.2333333333,205943,7,7.0
Porphyry,Cenozoic,-22.37964284915,-68.914602851868,205944,18,12.0
Porphyry,Cenozoic,-21.9166666667,-69.8333333333,205945,3,3.0
Porphyry,Cenozoic,-22.4166666667,-68.95,205947,38,11.0
Porphyry,Cenozoic,-32.4075,-70.425,205949,21,13.0
Porphyry,Mesozoic,-46.0333333333,-72.15,205950,7,7.0
Porphyry,Unknown,-18.5933333333,-69.45,205951,4,4.0
Porphyry,Cenozoic,-28.5,-70.3,205952,13,11.0
Porphyry,Mesozoic,31.6591666667,53.8497222222,205978,25,18.0
Porphyry,Cenozoic,31.5763888889,53.8233333333,205979,13,10.0
Porphyry,Paleozoic,46.9897222222,74.9872222222,205981,37,19.0
Porphyry,Paleozoic,49.1591666667,75.6008333333,205982,19,15.0
Porphyry,Unknown,52.3333333333,62.1833333333,205983,13,11.0
Porphyry,Paleozoic,50.152366,73.004547,205984,26,17.0
Porphyry,Precambrian,51.846900508083,74.291111826897,205985,39,25.0
Porphyry,Mesozoic,19.3833333333,-100.683333333,205986,8,6.0
Porphyry,Precambrian,19.1166666667,-102.916666667,205987,6,6.0
Porphyry,Cenozoic,19.0013888889,-101.955555556,205988,11,10.0
Porphyry,Cenozoic,15.3188888889,-92.3305555556,205989,7,7.0
Porphyry,Mesozoic,27.0516666667,-108.341111111,205991,8,7.0
Porphyry,Cenozoic,26.2522222222,-107.329444444,205992,8,8.0
Porphyry,Cenozoic,19.45,-96.85,205993,8,7.0
Porphyry,Cenozoic,31.0555555556,-110.420833333,205994,12,9.0
Porphyry,Cenozoic,25.6680555556,-107.351111111,205996,9,7.0
Porphyry,Cenozoic,26.7236111111,-108.233333333,205998,8,7.0
Porphyry,Unknown,-5.715,-79.2069444444,206003,9,7.0
Porphyry,Unknown,-13.9291666667,-75.35,206004,11,7.0
Porphyry,Cenozoic,-17.097725754867,-70.627246168525,206005,19,16.0
Porphyry,Cenozoic,-14.9083333333,-71.3133333333,206008,19,12.0
Porphyry,Cenozoic,-6.08333333333,-79.2833333333,206009,24,16.0
Porphyry,Mesozoic,44.095,22.0941666667,206012,35,20.0
Porphyry,Cenozoic,43.2333333333,20.7166666667,206013,5,5.0
VMS,Precambrian,-21.304821351187,119.27789306641,206050,30,19.0
VMS,Precambrian,-21.122252058441,119.25905055786,206052,15,12.0
IOCG,Precambrian,-21.8,140.716666667,206070,6,6.0
Porphyry,Cenozoic,45.869722222222,22.870833333333,206132,14,9.0
Porphyry,Unknown,44.75,21.95,206134,7,6.0
Porphyry,Mesozoic,45.5666666667,22.2333333333,206135,4,4.0
Porphyry,Cenozoic,46.2666666667,22.15,206136,18,13.0
Porphyry,Unknown,44.75,22.0,206137,4,4.0
Porphyry,Unknown,45.55,22.35,206138,4,4.0
Porphyry,Cenozoic,46.15,22.85,206139,21,17.0
Porphyry,Cenozoic,46.0611111111,22.9666666667,206140,11,9.0
Porphyry,Cenozoic,46.1666666667,22.9,206141,8,8.0
Porphyry,Unknown,50.4666666667,19.6166666667,206142,17,15.0
Porphyry,Unknown,50.1166666667,19.95,206143,12,11.0
Porphyry,Mesozoic,58.9666666667,152.683333333,206145,25,16.0
Porphyry,Mesozoic,66.6,164.566666667,206147,42,23.0
Porphyry,Cenozoic,66.4833333333,164.733333333,206148,42,24.0
Porphyry,Cenozoic,54.2833333333,157.666666667,206152,13,9.0
Porphyry,Mesozoic,59.7166666667,150.316666667,206153,7,6.0
Porphyry,Mesozoic,59.25,153.766666667,206154,8,6.0
Porphyry,Cenozoic,53.75,126.616666667,206156,12,10.0
Porphyry,Paleozoic,54.05,89.5666666667,206157,5,5.0
Porphyry,Paleozoic,53.2333333333,60.5666666667,206158,7,5.0
Porphyry,Paleozoic,53.0875,57.4683333333,206159,20,14.0
Porphyry,Paleozoic,54.7166666667,61.0666666667,206160,9,8.0
Porphyry,Unknown,41.0977777778,70.1258333333,206163,8,7.0
Porphyry,Paleozoic,40.7986111111,69.7061111111,206167,8,7.0
Porphyry,Paleozoic,40.7769444444,69.7791666667,206169,10,9.0
Porphyry,Cenozoic,-9.61194,160.16424,206170,17,13.0
Porphyry,Cenozoic,-9.36666666667,159.733333333,206171,9,7.0
Porphyry,Cenozoic,-9.43333333333,159.833333333,206172,7,6.0
Porphyry,Cenozoic,-8.08333333333,157.516666667,206173,7,5.0
Porphyry,Mesozoic,66.525,19.8136111111,206176,10,9.0
Porphyry,Unknown,10.1333333333,124.25,206180,9,9.0
Porphyry,Cenozoic,11.8166666667,125.25,206190,6,6.0
Porphyry,Cenozoic,9.43333333333,122.7,206191,10,7.0
Porphyry,Cenozoic,9.58333333333,122.566666667,206195,20,13.0
Porphyry,Unknown,9.56666666667,122.633333333,206196,5,4.0
Porphyry,Unknown,13.5,121.883333333,206199,16,11.0
Porphyry,Cenozoic,13.424352095715,121.98377421588,206202,30,18.0
Porphyry,Cenozoic,9.6002021352618,125.55099008653,206205,10,8.0
Porphyry,Unknown,7.55,126.166666667,206207,5,4.0
Porphyry,Unknown,7.59166666667,126.066666667,206208,9,6.0
Porphyry,Cenozoic,7.35,126.016666667,206210,8,7.0
Porphyry,Unknown,6.56666666667,124.4,206211,8,8.0
Porphyry,Cenozoic,40.8566666667,39.6530555556,206212,16,13.0
Porphyry,Mesozoic,41.8333333333,27.6783333333,206213,6,5.0
Porphyry,Mesozoic,41.9333333333,27.45,206214,20,13.0
Porphyry,Mesozoic,41.9113888889,27.3166666667,206217,13,10.0
Porphyry,Mesozoic,41.2229,41.9574,206218,6,6.0
Porphyry,Cenozoic,39.2666666667,39.6,206219,9,8.0
Porphyry,Cenozoic,40.9261111111,35.44,206220,10,9.0
Porphyry,Unknown,39.630195375142,27.106821860005,206222,43,20.0
Porphyry,Cenozoic,40.5775,40.9045,206223,17,14.0
Porphyry,Cenozoic,38.9219444444,46.1883333333,206293,25,17.0
Porphyry,Mesozoic,41.1047222222,44.8566666667,206294,27,19.0
Porphyry,Mesozoic,39.1,46.4666666667,206295,17,11.0
Porphyry,Cenozoic,39.375,46.0227777778,206296,36,21.0
Porphyry,Paleozoic,41.8,22.8666666667,206299,6,5.0
Porphyry,Cenozoic,41.3666666667,22.8166666667,206300,12,10.0
Porphyry,Cenozoic,41.6166666667,22.8833333333,206301,49,25.0
Porphyry,Cenozoic,-2.01666666667,146.883333333,206303,10,9.0
Porphyry,Cenozoic,-2.11666666667,146.95,206304,8,7.0
Porphyry,Cenozoic,-5.01666666667,141.216666667,206306,12,9.0
Porphyry,Cenozoic,-5.06666666667,141.333333333,206307,15,11.0
Porphyry,Unknown,-6.75,146.283333333,206308,16,11.0
Porphyry,Cenozoic,-9.3,147.583333333,206309,15,12.0
Porphyry,Unknown,-24.1333333333,-66.6,206311,5,4.0
Porphyry,Cenozoic,-25.1444444444,-66.7625,206312,14,12.0
Porphyry,Cenozoic,-24.5666666667,-67.7833333333,206314,19,14.0
Porphyry,Cenozoic,-24.5833333333,-67.7333333333,206315,16,12.0
Porphyry,Paleozoic,-32.1377777778,-69.4391666667,206317,16,13.0
Porphyry,Mesozoic,-32.25,-69.4333333333,206318,36,24.0
Porphyry,Cenozoic,-37.4325,-70.4666666667,206319,12,9.0
Porphyry,Cenozoic,-32.4166666667,-69.0833333333,206321,14,9.0
Porphyry,Cenozoic,-32.4833333333,-69.1,206322,20,13.0
Porphyry,Mesozoic,40.0166666667,46.75,206323,16,10.0
Porphyry,Mesozoic,40.6333333333,45.85,206324,10,8.0
Porphyry,Cenozoic,40.575991933259,45.803415911642,206325,15,11.0
Porphyry,Mesozoic,40.5134,46.0806,206326,12,12.0
Porphyry,Unknown,22.1166666667,-80.0333333333,206328,3,3.0
Porphyry,Unknown,9.69722222222,-83.3583333333,206330,15,11.0
Porphyry,Unknown,9.36944444444,-82.9763888889,206331,12,11.0
Porphyry,Precambrian,-28.053341290713,16.895548619208,206332,11,9.0
Porphyry,Precambrian,-28.697125,17.887326,206333,28,18.0
Porphyry,Unknown,23.7083333333,95.5166666667,206334,4,4.0
Porphyry,Precambrian,49.845,-91.085,206377,10,8.0
Porphyry,Precambrian,47.0430555556,-84.6152777778,206378,9,9.0
Porphyry,Precambrian,48.2527777778,-79.0686111111,206380,8,7.0
Porphyry,Precambrian,46.085,-60.3541666667,206381,21,14.0
Porphyry,Unknown,62.3416666667,-136.691666667,206382,20,14.0
Porphyry,Mesozoic,62.7361111111,-138.829166667,206383,31,18.0
Porphyry,Mesozoic,62.4166666667,-137.616666667,206384,19,12.0
Porphyry,Cenozoic,49.2555555556,-125.983333333,206394,30,17.0
Porphyry,Unknown,49.5125,-123.36777777778,206395,13,11.0
Porphyry,Mesozoic,53.6811111111,-127.178055556,206396,16,11.0
Porphyry,Mesozoic,57.06,-126.759444444,206397,15,11.0
Porphyry,Mesozoic,57.0058333333,-126.750833333,206398,24,18.0
Porphyry,Unknown,51.313333333333,-121.08888888889,206399,20,12.0
Porphyry,Mesozoic,50.450727661956,-121.03843802177,206400,21,14.0
Porphyry,Mesozoic,51.1044444444,-123.4,206402,17,13.0
Porphyry,Mesozoic,57.3641666667,-130.990277778,206403,17,12.0
Porphyry,Unknown,50.643333333333,-120.42444444444,206419,10,7.0
Porphyry,Mesozoic,50.6141666667,-120.530833333,206420,14,9.0
Porphyry,Mesozoic,49.6483333333,-120.526111111,206423,12,9.0
Porphyry,Mesozoic,50.4941666667,-120.996666667,206425,30,19.0
Porphyry,Unknown,49.2933333333,-120.759444444,206428,4,4.0
Porphyry,Mesozoic,53.7583333333,-127.215,206429,11,9.0
Porphyry,Mesozoic,49.8833333333,-117.366666667,206430,11,8.0
Porphyry,Mesozoic,58.4838888889,-129.107222222,206434,11,9.0
Porphyry,Mesozoic,52.5180555556,-122.2875,206435,17,11.0
Porphyry,Unknown,50.430071782043,-120.99992603737,206436,20,13.0
Porphyry,Unknown,54.852222222222,-127.68972222222,206437,27,19.0
Porphyry,Mesozoic,52.5544444444,-121.641666667,206438,18,12.0
Porphyry,Mesozoic,53.6736111111,-127.056944444,206439,18,12.0
Porphyry,Mesozoic,56.6666666667,-131.0925,206448,3,3.0
Porphyry,Mesozoic,53.535,-127.2375,206449,19,14.0
Porphyry,Unknown,58.253611111111,-129.82666666667,206451,15,11.0
Porphyry,Mesozoic,55.126128299635,-124.02642917616,206452,26,18.0
Porphyry,Cenozoic,54.809722222222,-126.89611111111,206453,21,17.0
Porphyry,Mesozoic,54.0166666667,-126.99,206454,8,7.0
Porphyry,Mesozoic,55.915833333333,-125.51361111111,206455,16,12.0
Porphyry,Cenozoic,53.8036111111,-127.435,206456,31,18.0
Porphyry,Cenozoic,51.1333333333,-122.614166667,206458,24,15.0
Porphyry,Unknown,50.710555555556,-127.97222222222,206459,27,16.0
Porphyry,Mesozoic,57.736346377519,-129.75351309812,206460,33,17.0
Porphyry,Mesozoic,55.9269444444,-125.431111111,206462,14,9.0
Porphyry,Cenozoic,55.2477777778,-126.166388889,206464,12,7.0
Porphyry,Unknown,50.5833333333,-120.966666667,206465,10,9.0
Porphyry,Unknown,49.148055555556,-117.33694444444,206466,27,18.0
Porphyry,Mesozoic,57.2166666667,-126.716666667,206467,15,10.0
VMS,Paleozoic,49.198825,-56.157344444444,206690,12,7.0
Porphyry,Cenozoic,0.333055555556,-78.5830555556,206850,16,11.0
Porphyry,Mesozoic,-3.6,-78.5,206851,12,10.0
Porphyry,Cenozoic,-1.56638888889,-79.1330555556,206852,5,5.0
Porphyry,Mesozoic,-3.78305555556,-78.6,206853,7,7.0
Porphyry,Cenozoic,-4.33305555556,-80.0,206854,4,4.0
Porphyry,Cenozoic,-4.2,-79.5830555556,206855,4,4.0
Porphyry,Cenozoic,-2.93305555556,-79.4163888889,206856,23,14.0
Porphyry,Cenozoic,-3.58305555556,-79.3330555556,206858,18,13.0
Porphyry,Cenozoic,-3.05,-79.683333,206859,18,14.0
Porphyry,Cenozoic,-1.38305555556,-79.1163888889,206860,5,5.0
Porphyry,Mesozoic,-23.6897222222,150.629722222,206889,9,9.0
Porphyry,Mesozoic,-23.6,150.4,206890,18,12.0
Porphyry,Paleozoic,-20.5697222222,148.26,206892,4,4.0
Porphyry,Mesozoic,-25.242444561942,151.6252116256,206893,4,4.0
Porphyry,Mesozoic,-24.8072222222,150.872777778,206895,11,11.0
Porphyry,Paleozoic,-20.4244444444,146.778333333,206896,8,8.0
Porphyry,Mesozoic,-23.6108333333,150.4575,206897,6,6.0
Porphyry,Mesozoic,-24.8163888889,151.366388889,206898,10,8.0
Porphyry,Mesozoic,-25.6434,151.8514,206900,25,18.0
Porphyry,Mesozoic,-24.6680555556,150.876111111,206901,6,6.0
Porphyry,Paleozoic,-18.2533333333,143.423333333,206902,13,11.0
Porphyry,Paleozoic,-20.5783333333,146.9775,206903,7,7.0
Porphyry,Unknown,-20.2,147.95,206905,5,5.0
Porphyry,Unknown,-20.9166666667,148.0,206906,4,4.0
Porphyry,Cenozoic,29.2705555556,61.5844444444,206908,45,21.0
Porphyry,Cenozoic,29.554444,64.504166,206910,28,18.0
Porphyry,Cenozoic,29.1225,62.194166,206911,8,7.0
Porphyry,Cenozoic,-11.6,-76.133333,206942,15,11.0
Porphyry,Cenozoic,-6.76138888889,-78.6055555556,206943,13,9.0
Porphyry,Cenozoic,-16.5455555556,-71.5525,206944,16,11.0
Porphyry,Cenozoic,-17.6813888889,-69.9005555556,206945,4,4.0
Porphyry,Cenozoic,-14.07164,-72.33606,206946,8,7.0
Porphyry,Cenozoic,-8.21527777778,-77.7713888889,206947,11,9.0
Porphyry,Cenozoic,-14.9797222222,-71.3063888889,206948,18,13.0
Porphyry,Unknown,-7.11777777778,-78.5752777778,206949,5,5.0
Porphyry,Cenozoic,-14.4613888889,-72.9930555556,206950,5,5.0
Porphyry,Cenozoic,-14.1577777778,-73.1330555556,206951,18,11.0
Porphyry,Cenozoic,-15.6247222222,-70.9913888889,206952,6,5.0
Porphyry,Cenozoic,-14.9519444444,-71.2625,206953,19,13.0
Porphyry,Cenozoic,-14.181111,-72.348055,206956,17,14.0
Porphyry,Cenozoic,-14.96,-71.3463888889,206957,16,13.0
Porphyry,Mesozoic,-6.725,-78.6691666667,206958,10,10.0
Porphyry,Unknown,-13.6858333333,-75.0927777778,206959,11,8.0
Porphyry,Unknown,-13.2344444444,-75.9163888889,206960,12,11.0
Porphyry,Cenozoic,-8.775,-77.991666666667,206962,15,11.0
Porphyry,Unknown,-16.7733333333,-71.3575,207056,15,11.0
Porphyry,Cenozoic,-6.35805555556,-79.1191666667,207057,19,14.0
Porphyry,Unknown,-12.9755555556,-76.1391666667,207058,10,9.0
Porphyry,Cenozoic,-4.94416666667,-79.3080555556,207059,17,12.0
Porphyry,Unknown,-8.16666666667,-78.1833333333,207060,14,11.0
Porphyry,Cenozoic,-8.55944444444,-77.8963888889,207061,6,4.0
Porphyry,Unknown,-14.2,-74.45,207062,6,6.0
Porphyry,Unknown,-14.1830555556,-75.1480555556,207063,6,4.0
Porphyry,Cenozoic,-11.4794444444,-76.0841666667,207064,4,4.0
Porphyry,Unknown,-5.70444444444,-79.2805555556,207065,13,10.0
Porphyry,Unknown,17.7666666667,121.233333333,207164,6,5.0
Porphyry,Cenozoic,16.75,121.35,207165,22,16.0
Porphyry,Cenozoic,14.2333333333,122.733333333,207166,15,10.0
Porphyry,Cenozoic,15.0083333333,120.366666667,207167,9,8.0
Porphyry,Unknown,16.7333333333,120.766666667,207169,8,6.0
Porphyry,Unknown,17.3,121.01,207170,12,9.0
Porphyry,Unknown,16.75,120.7,207172,16,11.0
Porphyry,Cenozoic,13.8,121.133333333,207174,24,17.0
Porphyry,Unknown,14.7666666667,121.316666667,207175,19,12.0
Porphyry,Unknown,17.4,120.866666667,207177,3,2.0
Porphyry,Cenozoic,14.9736111111,120.204166667,207179,28,20.0
Porphyry,Cenozoic,16.3205555556,121.291388889,207181,14,11.0
Porphyry,Cenozoic,-23.4277777778,-69.5113888889,207289,32,16.0
Porphyry,Cenozoic,-18.2897222222,-69.7213888889,207309,4,4.0
Porphyry,Cenozoic,-19.8666666667,-68.9666666667,207310,8,8.0
Porphyry,Cenozoic,6.1,116.466666667,207312,10,9.0
Porphyry,Cenozoic,27.1677777778,-109.019166667,207315,42,21.0
Porphyry,Cenozoic,28.4111111111,-109.802777778,207316,5,5.0
Porphyry,Cenozoic,30.4816666667,-109.7525,207317,11,9.0
Porphyry,Unknown,62.051111,-141.21805,207355,6,6.0
IOCG,Unknown,67.516666666667,20.9,207467,4,4.0
VMS,Precambrian,49.4530555556,-78.3525,207910,9,5.0
VMS,Precambrian,49.6833333333,-78.95,207911,24,14.0
Porphyry,Mesozoic,17.3333333333,101.5,208266,7,7.0
Porphyry,Mesozoic,17.5,101.666666667,208267,5,5.0
Porphyry,Mesozoic,18.1166666667,102.083333333,208268,25,15.0
Porphyry,Paleozoic,49.1333333333,103.65,208271,11,8.0
Porphyry,Paleozoic,45.7833333333,100.6,208273,9,7.0
Porphyry,Paleozoic,48.5833333333,97.7833333333,208275,7,7.0
Porphyry,Paleozoic,44.2333333333,108.033333333,208276,4,3.0
Porphyry,Unknown,44.5741666667,109.435555556,208277,6,4.0
Porphyry,Paleozoic,44.1666666667,107.5,208279,9,7.0
Porphyry,Unknown,48.775,104.21126,208280,9,8.0
Porphyry,Cenozoic,8.4875,-77.3211111111,208328,6,6.0
Porphyry,Cenozoic,7.05,-76.75,208330,6,6.0
Porphyry,Cenozoic,2.1,-76.8833333333,208331,4,4.0
Porphyry,Mesozoic,7.31666666667,-72.8666666667,208332,7,7.0
Porphyry,Paleozoic,46.95157188965,79.864566853136,208333,36,20.0
Porphyry,Paleozoic,48.6833333333,73.7,208334,24,16.0
Porphyry,Paleozoic,51.7666666667,61.75,208335,23,16.0
Porphyry,Paleozoic,51.95,72.3333333333,208336,21,13.0
Porphyry,Unknown,53.0166666667,62.5666666667,208337,18,11.0
Porphyry,Unknown,48.924797990484,58.673687628615,208338,29,18.0
Porphyry,Paleozoic,44.45,78.4333333333,208339,26,17.0
Porphyry,Unknown,46.65,73.6333333333,208340,12,9.0
Porphyry,Paleozoic,43.62,74.2666666667,208341,14,13.0
Porphyry,Cenozoic,49.368737,75.708303,208343,16,14.0
Porphyry,Paleozoic,50.1619444444,76.1619444444,208346,17,11.0
Porphyry,Paleozoic,47.5333333333,84.4166666667,208348,14,11.0
Porphyry,Paleozoic,48.2263888889,76.2719444444,208390,17,12.0
Porphyry,Paleozoic,47.1844444444,74.7113888889,208391,20,13.0
Porphyry,Paleozoic,52.8833333333,61.4166666667,208392,20,15.0
Porphyry,Unknown,47.5,75.1,208393,8,7.0
Porphyry,Unknown,46.6,74.4166666667,208394,15,11.0
Porphyry,Unknown,46.2563888889,73.1983333333,208396,15,11.0
Porphyry,Paleozoic,47.9166666667,79.3333333333,208397,17,13.0
Porphyry,Paleozoic,47.3833333333,75.2333333333,208398,8,7.0
Porphyry,Cenozoic,-6.88333320617676,146.449996948242,208474,22,13.0
Porphyry,Cenozoic,-5.75,145.166666667,208475,15,12.0
Porphyry,Precambrian,-5.71666666667,150.016666667,208477,6,5.0
Porphyry,Mesozoic,-5.98333333333,150.466666667,208478,6,5.0
Porphyry,Cenozoic,16.8583333333,120.783333333,208484,24,17.0
Porphyry,Cenozoic,16.3833333333,120.983333333,208930,15,11.0
Porphyry,Cenozoic,7.16666666667,125.991666667,208931,15,10.0
Porphyry,Cenozoic,6.475,125.05,208932,22,16.0
Porphyry,Unknown,7.93333333333,123.3,208933,10,9.0
Porphyry,Mesozoic,8.12222222222,126.381666667,208934,4,4.0
Porphyry,Cenozoic,16.45,120.866666667,208935,16,12.0
Porphyry,Unknown,17.1666666667,120.733333333,208936,5,4.0
Porphyry,Cenozoic,16.490278,120.65556,208937,13,11.0
VMS,Precambrian,48.9786111111,-87.375,209445,18,11.0
Porphyry,Mesozoic,-3.65,-78.416667,209628,20,11.0
Porphyry,Mesozoic,-4.1155371964011,-78.583557670277,209836,8,8.0
Porphyry,Cenozoic,-1.66666666667,-79.15,209837,8,7.0
Porphyry,Cenozoic,29.1227777778,62.0788888889,209839,13,10.0
IOCG,Precambrian,-21.5489204585,140.497315894,209868,5,4.0
VMS,Precambrian,45.8025,-71.2866666667,209909,6,6.0
Porphyry,Paleozoic,29.516666666667,88.566666666667,210060,11,10.0
Sediment-Hosted,Unknown,-17.1927777778,-46.8780555556,210140,19,13.0
VMS,Precambrian,39.3391666667,97.9422222222,210265,21,13.0
VMS,Unknown,66.334072,14.083099,210267,6,6.0
Magmatic sulfide,Precambrian,46.4927777778,-81.0688888889,210332,37,14.0
IOCG,Precambrian,-20.7752777778,140.043888889,210493,32,14.0
Sediment-Hosted,Precambrian,26.257930555556,102.46292222222,211939,16,11.0
VMS,Cenozoic,41.2644444444,140.994444444,212179,8,8.0
Sediment-Hosted,Paleozoic,52.8838888889,-8.86055555556,212605,9,7.0
Sediment-Hosted,Precambrian,-16.9444444444,30.2958333333,212969,10,8.0
Sediment-Hosted,Precambrian,-17.2655555556,30.0444444444,212971,5,4.0
VMS,Paleozoic,67.140521,16.138064,214669,6,4.0
VMS,Paleozoic,67.149939,16.004646,214670,8,8.0
VMS,Unknown,67.137544,16.114855,214671,6,5.0
VMS,Paleozoic,67.119864,16.012537,214679,7,5.0
IOCG,Unknown,30.35,117.377222222,216983,8,8.0
VMS,Paleozoic,-20.343977777778,145.76904444444,217008,18,16.0
VMS,Cenozoic,43.0083333333,140.658333333,217330,5,5.0
VMS,Unknown,41.1933333333,140.894444444,217344,6,6.0
VMS,Cenozoic,37.3416666667,139.333333333,217350,5,5.0
VMS,Paleozoic,49.5080555556,-55.7197222222,220728,9,9.0
VMS,Mesozoic,18.881666666667,-70.245,222130,29,19.0
Porphyry,Unknown,-29.8394444444,152.371388889,222961,11,11.0
VMS,Paleozoic,33.7963888889,133.252777778,224829,4,4.0
Magmatic sulfide,Precambrian,-25.742962,30.61667,225030,57,21.0
Sediment-Hosted,Precambrian,34.2666666667,69.4,226441,3,2.0
Sediment-Hosted,Precambrian,34.3980555556,69.3055555556,226455,4,3.0
Sediment-Hosted,Precambrian,34.4069444444,69.2597222222,226456,3,2.0
Sediment-Hosted,Precambrian,34.4313888889,69.3786111111,226488,6,3.0
Sediment-Hosted,Precambrian,34.3158333333,69.3027777778,226501,11,7.0
Porphyry,Cenozoic,-4.7,141.783333333,226944,31,19.0
Porphyry,Paleozoic,-33.4292120574,148.800007394,227886,19,12.0
Porphyry,Paleozoic,-34.275393028984,148.84150783535,227904,10,9.0
Porphyry,Mesozoic,38.7816666667,-117.949722222,227973,6,5.0
Porphyry,Cenozoic,44.0288888889,-109.683055556,227974,10,9.0
Porphyry,Mesozoic,38.4919444444,-118.075,227976,7,6.0
Porphyry,Mesozoic,38.3333333333,-117.5,227979,12,9.0
Porphyry,Mesozoic,40.4166666667,-117.216666667,228007,6,5.0
Porphyry,Cenozoic,40.2666666667,-117.75,228008,8,8.0
Porphyry,Unknown,39.8,-115.15,228015,9,6.0
Porphyry,Cenozoic,9.25833333333,125.523333333,228019,4,3.0
Porphyry,Unknown,7.54333333333,126.1,228020,11,7.0
Porphyry,Cenozoic,18.25,-66.8166666667,228021,20,14.0
Porphyry,Cenozoic,18.25,-66.4166666667,228022,8,8.0
Porphyry,Cenozoic,8.63333333333,-77.5666666667,228029,10,9.0
Porphyry,Cenozoic,8.83333333333,-80.6666666667,228031,22,17.0
Porphyry,Mesozoic,57.1166666667,-131.345,228045,12,9.0
Porphyry,Mesozoic,50.675,-127.858333333,228046,15,12.0
Porphyry,Paleozoic,-33.9666666667,147.416666667,228053,4,4.0
Porphyry,Unknown,50.5666666667,-121.0,228066,10,9.0
Porphyry,Unknown,49.767777777778,-120.47472222222,228067,25,17.0
Porphyry,Cenozoic,28.3861111111,-109.656944444,228088,10,9.0
Porphyry,Paleozoic,-32.7666666667,148.666666667,228106,18,14.0
Porphyry,Mesozoic,55.260555555556,-124.54305555556,228123,19,13.0
Porphyry,Mesozoic,49.163611111111,-121.02472222222,228124,33,20.0
Porphyry,Mesozoic,3.35,-75.0333333333,228128,6,6.0
Porphyry,Mesozoic,6.7,-76.5,228131,6,5.0
Sediment-Hosted,Mesozoic,32.200677777778,-6.2988888888889,228164,11,8.0
Sediment-Hosted,Precambrian,15.1666666667,-9.98333333333,228182,3,3.0
Sediment-Hosted,Precambrian,12.2666666667,-11.35,228184,25,17.0
Sediment-Hosted,Precambrian,-10.602738864377,26.134671612671,228186,18,10.0
Sediment-Hosted,Precambrian,-10.609825464404,26.300497171316,228187,10,7.0
Sediment-Hosted,Mesozoic,-11.0833333333,14.0944444444,228191,9,5.0
Sediment-Hosted,Mesozoic,-12.5111111111,13.5166666667,228192,3,2.0
Sediment-Hosted,Precambrian,-12.0163888889,27.9005555556,228195,3,3.0
Sediment-Hosted,Precambrian,-12.2752777778,27.9672222222,228202,17,13.0
Sediment-Hosted,Precambrian,-12.92889211011,28.07190557013,228255,4,4.0
Sediment-Hosted,Precambrian,-12.8544444444,28.2125,228257,16,11.0
Sediment-Hosted,Precambrian,-20.5,26.5583333333,228258,3,3.0
Sediment-Hosted,Precambrian,-20.75,23.1,228259,3,2.0
Sediment-Hosted,Precambrian,-21.0833333333,26.75,228261,5,4.0
Sediment-Hosted,Precambrian,-21.7280555556,21.6119444444,228263,7,6.0
Sediment-Hosted,Precambrian,-22.3833333333,18.5333333333,228264,12,9.0
Sediment-Hosted,Precambrian,66.5166666667,87.55,228282,11,7.0
Sediment-Hosted,Paleozoic,61.25,137.5,228308,6,5.0
Sediment-Hosted,Mesozoic,56.5,50.75,228326,4,2.0
Sediment-Hosted,Precambrian,56.4166666667,118.666666667,228328,12,10.0
Sediment-Hosted,Paleozoic,55.5,103.75,228329,4,4.0
Sediment-Hosted,Precambrian,24.183333333333,102.16666666667,228361,11,9.0
Sediment-Hosted,Mesozoic,25.998888888889,103.12055555556,228363,4,3.0
Sediment-Hosted,Mesozoic,23.75,103.58333333333,228364,16,12.0
Sediment-Hosted,Mesozoic,26.05,101.333333333,228365,6,5.0
Sediment-Hosted,Mesozoic,-38.85,-69.0,229581,15,13.0
IOCG,Unknown,32.516666666667,80.85,229882,43,24.0
Porphyry,Paleozoic,43.866666666667,108.33333333333,230046,22,16.0
VMS,Paleozoic,37.500555555556,-6.0933333333333,230048,20,11.0
IOCG,Unknown,14.294551397102,122.64926851543,230442,22,14.0
IOCG,Unknown,46.466666666667,90.1,230718,29,19.0
VMS,Mesozoic,22.03,-80.15,231161,13,12.0
VMS,Paleozoic,64.85622,13.434215,231326,10,9.0
VMS,Unknown,50.6333333333,-117.4,231677,9,8.0
Magmatic sulfide,Precambrian,-19.15,29.8,231947,4,3.0
IOCG,Unknown,-15.2833333333,-75.1083333333,232161,20,13.0
Magmatic sulfide,Paleozoic,42.5363888889,95.7016666667,232236,9,7.0
Porphyry,Cenozoic,25.516666666667,100.43333333333,232876,47,23.0
Magmatic sulfide,Unknown,41.839961111111,109.99635555556,232939,28,15.0
IOCG,Unknown,-34.5302777778,137.870277778,233025,22,17.0
Sediment-Hosted,Precambrian,70.513759246927,24.106634126953,233347,17,10.0
VMS,Precambrian,48.302533333333,-79.055944444444,233725,19,13.0
Porphyry,Cenozoic,46.225277777778,23.186388888889,236806,24,14.0
VMS,Mesozoic,41.807943359521,33.688893314322,237746,22,13.0
VMS,Mesozoic,41.805094059629,33.68852612482,237747,4,3.0
IOCG,Mesozoic,-12.698055555556,-76.6225,238301,25,16.0
Sediment-Hosted,Precambrian,-31.449280808735,137.17378686567,239423,14,9.0
VMS,Paleozoic,-37.004386111111,147.88663333333,239474,5,5.0
VMS,Paleozoic,-36.989305555556,147.91134444444,239475,7,7.0
VMS,Paleozoic,51.1444444444,-119.809444444,241607,6,6.0
IOCG,Unknown,-34.0558333333,137.614166667,241797,17,13.0
Sediment-Hosted,Mesozoic,23.5,103.91666666667,242440,6,5.0
VMS,Paleozoic,45.7038888889,-71.3727777778,242867,12,9.0
VMS,Precambrian,54.765555555556,-101.6175,243349,7,6.0
VMS,Precambrian,48.9780555556,-87.3647222222,243676,5,4.0
VMS,Precambrian,49.8669444444,-91.0369444444,243680,4,4.0
VMS,Precambrian,49.8769444444,-90.8830555556,243681,8,7.0
VMS,Precambrian,49.8869444444,-90.89,243684,14,12.0
VMS,Precambrian,49.1566666667,-85.8252777778,244258,13,10.0
VMS,Precambrian,48.379080555556,-78.909311111111,244581,13,12.0
VMS,Precambrian,48.298380555556,-79.152322222222,244583,10,9.0
VMS,Precambrian,48.2211272811,-79.2380332947,244584,13,9.0
VMS,Paleozoic,50.5330555556,81.8755555556,244626,19,13.0
VMS,Precambrian,48.356066666667,-79.058297222222,244917,6,5.0
VMS,Precambrian,48.440833333333,-79.350833333333,244919,3,2.0
VMS,Paleozoic,42.8525,-8.48833333333,246047,24,12.0
Magmatic sulfide,Unknown,-18.4677777778,29.4522222222,247872,25,14.0
Magmatic sulfide,Precambrian,-31.2,121.666666667,248178,90,27.0
VMS,Cenozoic,11.8004,125.2658,248675,3,3.0
VMS,Cenozoic,8.0008,117.0493,248677,3,3.0
VMS,Precambrian,48.339563888889,-79.089980555556,248824,10,7.0
VMS,Paleozoic,48.825,-56.8763888889,248876,22,14.0
VMS,Paleozoic,48.8330555556,-56.8836111111,248877,26,15.0
VMS,Paleozoic,49.6561111111,-56.0322222222,248892,5,4.0
Sediment-Hosted,Paleozoic,34.5166666667,-99.5497222222,250732,20,13.0
IOCG,Unknown,67.559079055992,23.969422121644,250907,6,5.0
VMS,Paleozoic,51.19784851042,82.196097169946,251086,5,4.0
VMS,Precambrian,54.8434578678,-100.110855103,252865,16,11.0
VMS,Precambrian,46.2069444444,-82.6491666667,254752,5,4.0
VMS,Unknown,49.1647222222,-85.8463888889,254956,5,4.0
VMS,Precambrian,49.1758333333,-85.8838888889,254957,6,5.0
VMS,Precambrian,48.2641666667,-79.0219444444,256822,3,3.0
VMS,Precambrian,48.2547222222,-78.4347222222,256957,21,10.0
VMS,Precambrian,48.0997222222,-77.5163888889,257036,12,10.0
VMS,Precambrian,48.0877777778,-77.6102777778,257043,12,10.0
VMS,Precambrian,48.0758333333,-77.5772222222,257044,9,7.0
VMS,Precambrian,48.1011111111,-77.6611111111,257046,7,6.0
Sediment-Hosted,Unknown,52.203,-8.747,258149,3,2.0
VMS,Cenozoic,40.2818,140.565,258979,11,9.0
VMS,Mesozoic,56.211111,-130.345,259043,16,12.0
Magmatic sulfide,Unknown,-25.4630555556,27.1283333333,259234,20,11.0
IOCG,Unknown,-19.4855876738,133.902166053,259639,24,17.0
Magmatic sulfide,Mesozoic,36.4930555556,93.3611111111,260009,18,8.0
VMS,Paleozoic,54.302602637933,85.778760139051,262768,4,3.0
IOCG,Unknown,-19.4298868594,134.066779815,263387,29,18.0
IOCG,Precambrian,62.76,22.8433333333,263633,17,10.0
IOCG,Precambrian,-20.4414901528,140.786361694,265550,14,11.0
Porphyry,Unknown,33.2916666667,-111.058333333,265644,33,18.0
Magmatic sulfide,Unknown,56.316666666667,157.2,266410,19,11.0
Sediment-Hosted,Cenozoic,-29.8754904,137.8166906,270268,7,7.0
VMS,Unknown,42.879131583385,-8.3512287975163,270647,14,6.0
VMS,Paleozoic,49.409222,76.11543,272287,22,14.0
VMS,Unknown,-20.8807773753,117.809023778,272685,18,14.0
IOCG,Precambrian,-21.0483333333,139.966944444,273386,15,12.0
Porphyry,Unknown,32.869822832797,-109.54275431436,274837,31,19.0
Porphyry,Mesozoic,-23.1352276233,150.746036275,285574,5,5.0
VMS,Unknown,51.583055555556,81.593055555556,289643,8,8.0
Sediment-Hosted,Unknown,50.3546614597,4.06150817871,290467,4,3.0
Sediment-Hosted,Unknown,-22.7225,-68.2344444444,292624,9,5.0
IOCG,Unknown,-19.6725644632,134.26372524,292660,31,16.0
VMS,Mesozoic,22.2138888889,-80.0805555556,295016,18,13.0
VMS,Unknown,50.4799095249,59.1083021376,296327,21,15.0
IOCG,Unknown,-9.66881,-36.73712,297726,12,7.0
Magmatic sulfide,Precambrian,-17.332132591184,31.281606261019,298078,11,6.0
VMS,Unknown,-20.336366185142,145.77473397006,301111,26,14.0
Porphyry,Unknown,51.451151835756,-123.61036212384,301415,22,15.0
VMS,Unknown,47.28362,-65.87829,302291,23,16.0
IOCG,Unknown,38.94021,-119.05178,302499,18,8.0
VMS,Unknown,51.5,-119.83333333333,302593,31,20.0
Magmatic sulfide,Unknown,-17.966666666667,29.8,302747,16,8.0
VMS,Unknown,59.8,59.666666666667,308054,15,9.0
VMS,Unknown,49.240279126543,86.622313510478,308438,35,20.0
VMS,Unknown,-31.395552935688,146.72125220105,308609,14,9.0
VMS,Unknown,63.452777777778,-110.91805555556,310457,4,4.0
VMS,Unknown,-4.9166666666667,-80.166666666667,332884,8,6.0
VMS,Unknown,38.49834,67.65078,333667,5,5.0
IOCG,Unknown,-21.756948825209,140.44782145846,339708,11,9.0
IOCG,Unknown,26.191666666667,101.95,344977,13,10.0
Magmatic sulfide,Unknown,42.145666701876,92.525142503803,405074,15,6.0
VMS,Unknown,45.733333333333,-60.416666666667,412590,18,13.0
IOCG,Unknown,-6.4783529249112,-51.209864923378,413049,15,9.0
Sediment-Hosted,Unknown,-10.875871038485,26.596670663273,413086,37,17.0
Porphyry,Unknown,-32.917608,148.04941695033,413873,44,27.0
IOCG,Unknown,45.536628,130.566666,417880,13,10.0
Sediment-Hosted,Unknown,26.126666666667,103.00527777778,418454,20,11.0
VMS,Unknown,34.140994,107.718021,423314,13,10.0
VMS,Unknown,47.718888888889,-66.283333333333,424161,21,16.0
IOCG,Unknown,19.688056,-97.125556,424703,27,11.0
IOCG,Unknown,-27.016666666667,-70.1,425517,13,8.0
Porphyry,Unknown,41.897222222222,25.329166666667,426034,43,21.0
IOCG,Unknown,-6.0,-49.85,426693,17,10.0
IOCG,Unknown,-34.5376924,137.8708404,427366,19,15.0
Magmatic sulfide,Unknown,55.766666666667,-66.933333333333,432887,35,15.0
Magmatic sulfide,Unknown,42.75511661,95.83086032,433058,7,6.0
VMS,Unknown,65.917222222222,-108.36305555556,433522,44,19.0
IOCG,Unknown,27.808333333333,33.070277777778,437536,24,13.0
Sediment-Hosted,Unknown,73.680725698693,-94.302520751953,440458,18,13.0
IOCG,Unknown,41.77594036,91.59081227,441900,13,10.0
IOCG,Unknown,64.166666666667,-117.13333333333,442201,12,9.0
VMS,Unknown,-13.072789867328,-48.265686035156,442215,19,11.0
IOCG,Unknown,67.193888888889,20.88,442509,20,12.0
IOCG,Unknown,67.69276897203,19.502544398374,442519,16,11.0
Sediment-Hosted,Unknown,36.825,47.866666666667,443145,16,12.0
VMS,Unknown,41.2518,41.8195,444000,5,4.0
Magmatic sulfide,Unknown,42.014097081244,110.12197494507,444013,4,4.0
Porphyry,Unknown,29.397727866142,88.390417098999,444419,8,8.0
IOCG,Unknown,38.5356,-7.056,446146,22,12.0
VMS,Unknown,42.878652888977,-8.3208722667072,446710,20,11.0
IOCG,Unknown,65.5039993,130.2771693,454720,31,15.0
VMS,Unknown,37.58493268501,-7.1064014732838,455407,7,2.0
IOCG,Unknown,-6.4833333333333,-49.7,455829,21,17.0
