Mindat_id,Borates,Carbonates_nitrates,Halides,Native_elements,Other_unknown,Oxides_hydroxides,Phosphates_arsenates_vanadates,Silicates,Sulfates_chromates_molybdates_tungstates,Sulfides_and_analogues,Sulfosalts
125.0,0,2,0,2,0,2,0,3,0,3,11
126.0,0,1,0,0,0,2,0,4,0,0,0
132.0,0,5,2,3,0,5,1,17,3,7,0
134.0,0,8,6,2,0,6,8,4,4,5,0
140.0,0,3,0,3,0,6,0,2,2,17,4
152.0,0,6,2,2,0,7,3,14,5,9,0
163.0,0,3,4,0,0,1,0,4,8,12,4
171.0,0,10,3,2,0,3,2,8,7,15,1
231.0,0,5,3,4,0,7,4,7,17,9,9
506.0,0,2,0,5,0,7,0,22,0,13,4
511.0,0,0,0,1,0,2,0,3,0,6,0
559.0,0,2,0,4,0,5,0,6,6,21,9
579.0,0,4,0,0,0,2,0,11,0,9,3
609.0,0,0,0,1,0,1,0,6,0,15,1
641.0,1,10,8,3,0,19,8,13,63,13,4
648.0,0,2,2,2,0,3,4,9,5,2,0
721.0,0,0,0,5,0,3,0,4,0,9,3
730.0,0,3,0,5,3,6,0,10,0,20,9
1666.0,0,0,0,3,0,6,0,7,0,16,2
1728.0,0,13,3,6,0,14,6,17,31,16,10
2120.0,0,4,0,2,0,5,0,9,3,11,3
2214.0,0,6,5,3,0,4,3,3,5,14,3
2355.0,0,1,0,0,0,4,3,8,6,9,1
2461.0,0,5,0,2,0,3,0,9,0,15,4
2567.0,0,0,0,2,0,0,0,2,2,8,5
2596.0,1,8,3,3,0,6,2,18,10,10,10
2725.0,0,1,0,8,1,4,0,4,1,32,9
2751.0,0,8,12,18,4,16,4,30,5,80,14
2778.0,0,4,1,3,0,9,2,5,9,23,4
3063.0,0,0,1,2,0,2,0,5,0,11,1
3064.0,0,0,0,3,0,0,0,1,0,11,1
3075.0,0,0,0,3,0,2,0,4,0,20,3
3123.0,0,7,2,3,0,9,2,6,30,13,8
3326.0,0,9,4,2,0,7,1,38,9,11,0
3346.0,0,6,1,4,0,7,0,9,19,11,1
3373.0,0,1,0,1,0,4,0,6,0,8,0
3374.0,0,9,2,1,0,4,6,15,9,6,0
3376.0,0,8,3,1,0,8,4,25,9,9,1
3377.0,0,4,2,3,0,9,4,21,8,8,0
3856.0,0,7,4,4,0,4,0,10,2,16,0
3978.0,0,5,0,2,0,6,8,12,3,10,1
4181.0,0,11,1,5,0,8,5,23,10,21,8
4322.0,0,12,0,3,0,16,12,10,9,26,1
4331.0,0,4,0,0,0,2,4,3,0,0,0
4342.0,0,0,0,0,0,0,1,0,0,0,0
4343.0,0,2,0,1,0,1,0,1,1,0,0
4345.0,0,3,0,1,0,2,0,6,2,5,1
4346.0,0,1,0,1,0,0,2,1,0,0,0
4349.0,0,3,0,1,0,2,3,8,2,10,0
4350.0,0,2,0,0,0,2,2,3,0,3,0
4364.0,0,0,0,2,0,2,0,3,2,10,1
4381.0,0,5,1,4,0,3,2,16,1,32,16
4464.0,0,2,2,1,0,5,21,4,9,7,1
4496.0,0,9,0,3,0,7,8,12,10,17,2
4555.0,0,5,1,2,0,3,0,2,8,6,1
5436.0,0,6,2,2,0,15,4,21,14,15,2
5774.0,1,8,3,3,0,10,6,16,12,26,8
5792.0,0,6,2,3,0,12,0,19,5,11,3
5793.0,0,1,0,1,0,3,0,2,0,8,1
5798.0,0,1,0,1,0,1,0,7,0,7,0
6001.0,0,0,0,0,0,1,0,2,0,6,0
6771.0,0,2,0,0,0,8,0,20,0,6,0
6926.0,0,2,1,0,0,0,0,12,2,15,6
7314.0,0,2,0,0,0,0,0,1,0,5,0
7372.0,0,0,0,0,0,0,0,3,0,1,0
7376.0,0,0,0,0,0,0,0,3,0,1,0
7377.0,0,0,0,0,0,0,0,2,0,3,0
7378.0,0,0,0,0,0,0,0,4,0,6,0
7797.0,0,10,2,5,0,11,1,24,7,21,4
7971.0,0,4,0,0,0,1,1,1,3,4,0
8049.0,0,0,0,2,0,3,0,0,0,16,8
8064.0,0,2,0,1,0,3,0,8,4,6,0
8082.0,0,2,4,5,0,5,0,13,1,29,10
8182.0,0,0,0,0,0,1,0,0,0,10,0
8302.0,0,3,0,0,0,1,0,3,2,8,1
8417.0,0,5,0,1,0,4,5,8,8,11,0
8418.0,0,2,0,1,0,1,0,3,0,4,1
8428.0,0,0,0,0,0,0,0,3,0,4,0
8563.0,0,0,0,0,0,0,0,1,2,3,0
8577.0,0,2,0,1,0,2,0,5,3,8,0
8582.0,0,2,0,2,0,2,0,4,3,8,1
8587.0,0,4,0,0,0,1,0,1,8,6,3
8588.0,0,0,0,1,0,2,0,3,0,10,0
8667.0,0,3,0,0,0,6,0,15,1,8,0
8700.0,0,2,1,1,0,1,0,1,2,4,0
8701.0,0,0,0,0,0,3,0,1,0,9,2
8744.0,0,5,1,1,0,3,0,1,1,5,0
8794.0,0,1,0,0,0,0,0,4,0,4,0
8802.0,0,2,0,1,0,2,0,4,3,8,1
8831.0,0,0,0,1,0,3,0,5,2,10,0
8859.0,0,3,0,1,0,4,0,2,2,10,1
8875.0,0,3,1,2,0,2,0,5,4,7,2
8886.0,0,3,1,2,0,7,0,12,5,16,6
8905.0,0,2,0,3,0,3,1,3,9,12,4
8906.0,0,5,0,3,0,4,0,10,5,10,5
8945.0,0,1,0,1,0,1,0,2,11,8,1
9014.0,0,3,0,0,0,1,0,0,2,2,0
9386.0,0,0,0,6,0,4,0,3,1,26,9
9496.0,0,3,1,5,0,4,1,13,2,19,27
9552.0,0,3,0,2,0,0,0,6,4,7,0
9592.0,0,1,0,0,0,0,0,2,0,6,1
9697.0,0,0,0,4,0,5,0,3,0,15,3
9702.0,0,1,1,5,0,13,0,7,1,14,9
9706.0,0,3,1,2,0,6,1,11,2,23,5
9736.0,0,4,0,0,0,0,1,2,0,7,0
9743.0,0,0,0,1,0,0,0,1,0,6,0
9786.0,0,5,0,2,0,2,1,5,0,9,2
9832.0,0,0,0,1,0,1,0,6,0,5,0
9905.0,0,7,5,1,0,4,0,16,15,9,6
10049.0,0,2,0,0,0,1,0,4,0,6,0
10058.0,0,1,0,1,0,2,0,9,2,7,6
10277.0,0,0,0,0,0,1,0,2,2,4,0
10328.0,0,0,0,1,0,1,0,0,0,11,2
10351.0,0,3,0,0,0,5,0,7,4,8,0
10383.0,0,0,0,3,0,4,0,3,0,22,11
10452.0,0,1,0,1,0,0,0,0,0,5,1
10591.0,0,3,2,2,0,3,0,15,4,9,0
10617.0,0,5,3,3,0,6,1,12,1,6,0
10618.0,0,4,0,1,0,3,0,1,3,4,0
10663.0,0,0,0,1,0,0,0,3,1,7,3
10687.0,0,0,0,0,0,1,0,2,1,5,0
10790.0,0,3,0,2,0,0,0,0,2,6,0
10867.0,0,0,0,0,0,0,0,0,0,6,1
10915.0,0,0,0,1,0,0,0,0,2,4,8
10917.0,0,0,1,0,0,0,0,0,0,2,1
10918.0,0,0,0,1,0,0,0,0,0,15,5
11127.0,0,0,0,0,0,1,0,5,0,10,2
11182.0,0,2,0,2,0,2,0,8,1,10,3
11307.0,0,5,2,2,0,3,0,17,3,9,1
11434.0,0,2,0,1,0,2,1,5,1,7,0
11459.0,0,2,0,1,0,0,0,2,1,6,0
11508.0,0,1,0,1,0,5,1,7,6,9,1
11605.0,0,1,0,0,0,1,0,6,0,5,1
11726.0,0,10,5,6,0,17,6,14,8,30,8
11734.0,0,0,0,0,0,1,0,1,3,7,0
11777.0,0,0,0,2,0,3,0,1,3,8,2
11803.0,0,6,1,2,0,2,1,4,6,4,4
11824.0,0,1,0,1,0,1,0,3,1,6,1
11886.0,0,1,2,1,0,3,0,3,0,6,0
11952.0,0,0,0,10,0,1,0,1,0,7,3
11973.0,0,1,0,0,0,1,0,4,1,7,0
12048.0,0,1,0,1,0,1,0,11,0,8,4
12053.0,0,1,0,1,0,3,0,3,2,9,5
12054.0,0,0,0,3,0,3,0,2,1,10,1
12057.0,0,1,0,0,0,3,0,7,0,7,0
12663.0,3,4,3,1,0,6,0,28,5,11,1
13126.0,0,2,0,3,0,2,0,7,4,11,5
13132.0,0,2,1,2,0,5,0,6,0,8,1
13203.0,0,7,1,3,0,6,1,4,24,9,2
13473.0,0,2,1,4,0,5,3,6,0,13,3
13474.0,0,2,1,0,0,2,0,1,1,3,0
13477.0,0,2,2,1,0,3,0,1,1,4,0
13482.0,0,6,0,0,0,0,3,3,1,2,0
13770.0,0,4,2,3,0,6,1,15,4,12,3
13826.0,0,2,2,0,0,4,0,12,1,16,7
13841.0,0,5,2,1,0,2,0,18,1,3,4
13949.0,0,4,0,1,0,4,0,6,0,7,0
13955.0,0,0,1,3,0,3,0,9,4,6,0
13958.0,0,2,1,0,0,1,0,2,0,2,0
14050.0,0,3,0,1,0,3,0,9,6,6,1
14096.0,0,0,0,1,0,2,0,2,0,10,0
14115.0,0,3,0,0,0,2,0,5,3,7,1
14297.0,0,1,0,0,0,2,0,0,0,10,0
14351.0,0,2,0,0,0,0,2,2,0,0,0
14413.0,0,4,2,7,0,6,0,19,4,22,16
14738.0,0,2,0,0,0,4,2,5,0,2,0
14752.0,0,4,0,3,0,4,0,5,1,22,21
14853.0,0,1,0,1,0,3,0,3,1,8,0
15187.0,0,4,3,2,0,8,0,5,7,16,2
15213.0,0,3,0,2,0,3,0,4,0,11,3
15217.0,0,1,0,1,0,1,0,0,0,4,0
15806.0,0,0,0,0,0,7,0,0,0,7,6
15930.0,0,0,0,0,0,0,0,0,0,3,1
15963.0,0,2,0,2,0,1,0,5,1,7,1
15998.0,0,9,1,3,0,11,1,34,4,17,0
16033.0,0,2,1,2,0,8,0,5,3,15,4
16144.0,0,3,1,0,0,2,3,5,1,5,0
16242.0,0,9,0,1,0,5,1,15,7,9,3
16397.0,0,1,2,4,0,4,0,8,0,22,4
16404.0,0,1,0,1,0,1,0,1,1,4,0
16510.0,0,1,0,0,0,1,0,5,2,6,1
16722.0,0,0,0,0,0,2,0,1,0,9,2
16723.0,0,1,0,2,0,3,0,2,4,9,1
16762.0,0,2,1,1,0,3,6,3,2,9,1
17046.0,0,6,0,0,0,2,0,17,3,17,3
17053.0,0,4,0,0,0,1,0,3,0,4,0
17055.0,0,1,3,5,0,6,0,15,1,10,7
17154.0,0,0,0,2,0,0,0,1,0,9,0
17175.0,0,2,0,1,0,6,1,10,0,12,0
17373.0,0,0,0,0,0,2,0,2,1,4,0
17460.0,0,0,0,1,0,5,0,10,0,6,1
17539.0,0,2,0,1,0,2,0,5,1,4,0
17692.0,0,6,2,2,0,1,0,6,5,10,2
17816.0,0,5,0,3,0,2,0,5,1,9,3
18255.0,0,4,0,1,0,0,0,6,1,8,2
18270.0,0,2,0,1,0,0,0,7,2,7,4
18379.0,0,1,0,0,0,4,0,2,2,8,0
18441.0,0,3,0,0,0,3,0,3,3,6,0
18571.0,0,0,0,1,0,0,0,5,1,5,4
18578.0,0,0,0,0,0,0,0,0,0,9,1
18580.0,0,1,0,1,0,0,0,2,0,5,1
18581.0,0,0,0,1,0,0,0,6,0,5,3
18583.0,0,1,2,2,0,2,0,4,0,15,2
18672.0,0,0,0,2,0,2,0,1,0,9,11
18705.0,0,3,0,0,0,0,0,0,0,0,0
18790.0,0,0,0,1,0,6,0,1,6,12,0
18837.0,0,0,1,1,0,3,0,6,0,9,6
18839.0,0,9,3,3,0,3,1,10,7,6,5
18963.0,0,0,0,0,0,0,0,0,0,9,0
19036.0,0,4,0,1,0,2,0,5,0,8,0
19062.0,0,2,1,1,0,3,0,8,0,5,0
19089.0,0,3,0,0,0,1,0,0,0,2,0
19265.0,0,1,0,1,0,0,0,3,1,5,4
19429.0,0,6,1,5,0,4,0,2,7,11,9
19493.0,0,2,0,0,0,2,0,4,2,8,1
19949.0,0,2,0,0,0,2,0,3,0,6,1
19966.0,0,4,0,0,0,3,0,6,1,6,1
19975.0,0,1,1,3,0,6,0,2,0,10,3
20111.0,0,3,0,3,0,5,8,4,3,8,0
20202.0,0,1,0,0,0,0,0,0,0,4,0
20269.0,0,3,1,2,0,3,0,9,1,13,1
21099.0,0,2,0,0,0,2,6,3,2,3,0
21132.0,0,0,0,2,1,1,0,4,0,11,1
21217.0,0,0,0,1,0,3,0,4,0,15,4
21221.0,0,3,0,3,0,0,0,1,0,8,2
21538.0,0,3,0,2,0,2,0,8,2,18,2
21589.0,0,3,3,2,0,6,0,10,25,11,1
21603.0,0,1,0,1,0,1,0,7,0,5,0
21605.0,0,2,0,1,0,0,0,5,0,4,2
21638.0,0,0,0,0,0,0,0,0,0,4,0
21755.0,0,5,0,1,0,7,0,10,2,9,1
22091.0,0,4,0,1,0,2,0,7,2,19,3
22183.0,0,3,0,0,0,2,0,6,0,6,0
22204.0,0,2,0,1,0,2,0,8,1,7,1
22531.0,0,6,0,2,0,1,1,2,3,13,1
22701.0,0,4,1,1,0,1,0,0,3,10,0
22945.0,0,2,1,0,0,3,0,4,3,8,0
22987.0,0,0,0,1,0,1,0,0,0,6,2
23128.0,0,1,0,0,0,3,0,4,0,5,1
23197.0,0,2,0,1,0,3,0,1,0,9,8
23362.0,0,1,1,1,0,2,0,4,7,20,7
23365.0,0,0,0,0,0,3,0,6,0,6,3
23547.0,0,0,0,1,0,0,0,5,5,11,8
24322.0,0,1,0,0,0,0,0,1,0,5,0
24511.0,0,5,1,0,0,2,4,6,1,5,0
24995.0,0,6,1,3,0,13,6,19,3,14,2
25120.0,0,3,2,3,0,6,1,10,11,25,8
25121.0,0,7,1,4,0,5,0,7,1,32,16
25286.0,0,3,2,0,0,1,2,8,4,3,0
25293.0,0,4,0,1,0,3,0,1,3,7,0
25303.0,0,1,0,3,0,8,0,14,0,17,13
25368.0,0,2,0,1,0,3,0,7,3,11,1
25411.0,0,2,1,1,0,2,0,5,6,9,2
25444.0,0,0,0,1,0,0,2,0,1,0,0
25473.0,0,1,0,1,0,2,0,2,2,8,2
25581.0,0,1,0,1,0,0,0,5,2,7,0
25611.0,0,0,0,0,0,0,0,3,0,5,1
25612.0,0,0,0,0,0,0,0,0,0,5,0
25613.0,0,3,0,1,0,3,0,2,5,6,0
25615.0,0,0,0,0,0,1,0,0,0,3,1
25693.0,0,2,1,4,0,3,0,5,0,10,5
25759.0,0,1,0,4,0,5,0,9,2,20,5
25845.0,0,2,1,0,0,3,1,6,2,6,1
25904.0,0,3,0,1,0,3,0,5,0,8,1
25940.0,0,0,0,0,0,1,0,0,0,5,0
25949.0,0,4,1,2,0,4,0,8,4,12,1
25958.0,0,0,0,1,0,5,0,0,0,3,0
26138.0,0,0,0,1,0,0,0,2,1,5,1
26155.0,0,3,1,1,0,6,1,6,5,10,0
26179.0,0,0,0,1,0,1,0,0,0,8,2
26201.0,0,1,0,1,0,3,0,5,0,11,0
26314.0,0,0,0,1,0,0,0,1,0,9,6
26538.0,0,0,0,1,0,1,0,2,0,4,1
26686.0,0,2,0,1,0,3,0,5,0,6,0
26702.0,0,4,0,1,0,3,1,6,3,3,0
27056.0,0,3,0,2,0,5,2,11,0,8,3
27162.0,0,5,0,3,0,6,0,5,4,16,4
27221.0,0,3,1,4,0,5,0,13,8,7,2
27227.0,0,3,1,0,0,8,2,9,7,9,2
27261.0,0,2,1,1,0,2,0,6,2,11,2
27717.0,0,2,0,1,0,1,0,0,0,0,0
27934.0,0,4,0,1,0,1,0,2,1,8,1
28042.0,0,0,0,1,0,1,0,2,0,3,0
28095.0,0,6,0,1,0,10,0,8,3,16,0
28109.0,0,1,0,0,0,4,0,7,4,13,0
28110.0,0,1,0,0,0,0,0,0,0,4,0
28152.0,0,1,0,0,0,0,0,1,0,2,0
28230.0,0,3,2,2,0,5,5,14,7,8,0
28448.0,0,1,1,1,0,5,0,12,7,13,4
28584.0,0,1,0,0,0,0,0,0,0,4,0
28588.0,0,2,0,4,0,5,0,8,3,7,0
28719.0,0,1,0,0,0,6,0,13,1,4,0
28720.0,0,0,0,0,0,1,0,0,0,4,0
28721.0,0,0,1,0,0,2,0,1,0,3,0
28722.0,0,1,0,1,0,2,0,2,0,5,1
28723.0,0,0,0,1,0,2,0,4,0,9,0
28724.0,0,0,0,1,0,1,0,7,4,6,1
29703.0,0,1,1,3,0,1,0,5,1,11,2
30204.0,0,4,0,4,1,5,0,11,3,16,1
30621.0,0,1,0,1,0,2,0,3,2,10,0
30641.0,0,5,0,0,0,2,0,1,2,4,0
30673.0,0,12,5,3,0,15,1,7,33,11,3
30976.0,0,0,2,0,0,2,0,2,0,5,0
32000.0,0,2,0,0,0,1,0,1,1,4,0
32440.0,0,6,2,1,0,6,1,19,9,10,0
32562.0,0,4,0,0,0,2,4,2,1,8,0
32728.0,0,1,2,0,0,2,0,7,2,3,1
32750.0,0,3,1,2,0,3,0,13,1,8,4
32790.0,0,2,0,0,0,4,0,6,2,5,1
33114.0,0,3,0,3,0,4,0,2,2,6,0
33127.0,0,5,0,2,0,2,0,1,3,7,0
33179.0,0,3,0,0,0,0,2,1,0,6,0
33219.0,0,0,0,0,0,0,0,0,0,2,0
33241.0,0,0,0,1,0,2,0,3,0,9,0
33954.0,0,1,0,2,0,2,0,3,0,8,2
34420.0,0,1,0,1,0,0,0,0,0,7,0
34428.0,0,0,0,2,0,1,0,3,0,14,13
34975.0,0,3,0,1,0,4,0,12,4,9,0
35613.0,0,0,0,1,0,0,0,0,0,7,5
36285.0,0,2,1,2,0,1,0,2,2,7,1
36363.0,0,1,0,0,0,2,0,3,1,11,2
36818.0,0,4,0,2,0,5,0,6,3,12,1
37411.0,0,3,0,3,0,3,0,3,0,3,0
37441.0,0,3,1,0,0,6,2,4,6,8,1
37499.0,0,3,1,2,0,5,4,5,1,6,0
38508.0,0,7,0,1,0,3,0,3,15,8,1
39272.0,0,3,5,2,0,8,3,10,7,17,1
39273.0,0,7,1,3,0,9,10,16,15,14,4
39275.0,0,0,0,1,0,6,2,7,4,8,1
41271.0,0,4,0,0,0,2,1,5,4,5,0
41272.0,0,2,0,0,0,0,0,1,0,0,0
41275.0,0,4,0,0,0,0,0,2,2,4,0
42054.0,0,2,0,3,0,1,0,1,1,10,0
42058.0,0,3,0,0,0,1,0,0,1,6,0
42400.0,0,6,0,0,0,1,3,3,1,0,0
43252.0,0,4,1,2,0,4,1,3,1,7,2
43582.0,0,2,0,2,0,6,1,18,4,9,0
43585.0,0,0,0,1,0,0,0,2,0,5,1
43642.0,0,12,2,3,0,9,3,19,17,12,3
44003.0,0,15,0,2,0,11,8,7,5,6,0
44061.0,0,5,0,1,0,0,2,3,3,4,1
44124.0,0,3,1,2,0,3,1,6,2,7,0
44460.0,0,6,0,2,0,0,0,3,1,5,0
44769.0,0,3,0,0,0,4,0,4,0,9,1
45680.0,0,3,0,2,0,1,0,3,0,4,0
45788.0,0,0,0,0,0,0,0,1,0,4,0
45790.0,0,1,0,1,0,0,0,1,0,4,0
45920.0,0,0,0,0,0,0,0,0,0,4,1
46163.0,0,4,0,3,0,5,0,8,3,6,0
46287.0,0,0,1,0,0,1,0,1,0,3,0
46329.0,0,1,0,0,0,2,0,4,0,10,2
46331.0,0,3,0,3,0,3,0,7,3,13,3
46414.0,0,1,0,0,0,1,0,0,0,5,1
46421.0,0,2,0,3,0,2,1,4,19,9,3
46430.0,0,0,0,1,0,0,0,0,0,0,0
46432.0,0,5,2,2,0,4,0,9,20,6,4
46745.0,0,2,0,0,0,1,0,2,1,6,1
46971.0,0,5,1,1,0,5,0,4,12,6,1
46972.0,0,7,0,1,0,4,0,3,4,9,0
47606.0,0,0,2,1,0,2,0,7,2,5,1
47837.0,0,0,0,0,0,1,0,5,0,7,1
47950.0,0,2,0,0,0,2,0,3,0,10,6
48271.0,0,0,0,2,0,2,0,3,0,5,0
48424.0,0,1,0,0,0,0,0,2,0,8,2
48983.0,0,6,0,2,0,4,0,13,0,16,4
49888.0,0,2,0,1,0,1,0,0,1,1,0
50665.0,0,3,1,1,0,0,0,6,1,4,1
50863.0,0,3,2,3,0,4,0,10,2,6,1
51058.0,0,1,2,1,0,6,0,8,3,8,0
51825.0,0,1,0,0,0,1,0,8,0,6,1
52166.0,0,4,2,6,0,7,0,26,0,26,12
52775.0,0,2,0,1,0,3,0,8,1,8,0
53487.0,0,2,2,2,0,4,0,3,6,7,0
53669.0,0,0,0,0,0,0,0,0,1,5,1
54260.0,0,0,3,0,0,1,3,0,3,0,0
54489.0,0,0,0,1,0,3,0,3,0,7,0
54518.0,0,6,0,1,0,3,0,8,2,9,1
55427.0,0,3,0,2,0,2,0,2,2,14,8
55597.0,0,2,1,1,0,4,0,5,5,11,2
55929.0,0,3,0,1,0,1,0,0,0,1,0
56211.0,0,7,4,0,0,15,6,17,8,12,1
56299.0,0,0,0,0,0,0,0,0,8,2,0
56379.0,0,0,0,0,0,2,0,0,0,2,0
56760.0,0,1,0,6,0,2,0,7,0,14,6
56940.0,0,1,0,2,0,1,0,0,1,6,1
58352.0,0,4,0,2,0,4,0,13,2,8,0
58783.0,0,2,0,1,0,3,0,3,6,7,0
59571.0,0,1,0,0,0,1,0,2,1,5,0
60100.0,0,1,0,1,0,1,0,5,1,8,0
60101.0,0,0,0,1,0,0,0,2,1,7,0
60113.0,0,4,3,2,0,3,2,16,4,13,6
60164.0,0,2,0,3,0,5,1,6,2,10,2
61612.0,0,2,1,2,0,4,3,10,3,8,0
62248.0,0,4,0,3,0,6,0,6,1,17,17
62514.0,0,2,0,0,0,3,0,5,1,4,0
63180.0,0,2,0,0,0,0,1,2,0,4,0
63563.0,0,4,3,2,0,3,0,3,5,10,2
64183.0,0,3,1,2,0,5,0,16,4,12,1
64292.0,0,5,0,3,0,4,0,7,3,16,7
64347.0,0,1,0,0,0,1,0,5,0,4,0
64578.0,0,0,0,1,0,0,0,2,1,3,0
64759.0,0,4,1,0,0,3,0,15,2,9,0
65223.0,0,2,0,1,0,2,0,1,3,4,0
65283.0,0,0,0,2,0,5,0,5,0,9,2
65285.0,0,5,1,2,0,5,0,3,6,6,2
66391.0,0,2,0,1,0,0,0,0,0,7,0
66858.0,0,1,0,1,0,3,0,2,5,6,0
66898.0,0,0,0,0,0,0,0,0,0,4,0
68115.0,0,3,0,0,0,1,0,4,2,6,0
68188.0,0,4,1,1,0,2,0,2,0,1,0
68257.0,0,0,3,1,0,5,1,7,5,15,6
68700.0,0,1,1,2,0,1,0,3,1,6,0
69552.0,0,3,0,0,0,2,0,4,0,6,0
71511.0,0,0,0,0,0,0,0,0,0,3,0
73136.0,0,0,0,0,0,0,0,0,1,2,0
73233.0,0,3,2,0,0,4,0,23,4,12,3
73255.0,0,1,2,1,0,1,0,6,1,8,6
75449.0,0,0,0,0,0,0,0,1,0,2,0
81928.0,0,0,0,0,0,0,0,2,1,4,0
84746.0,0,0,0,0,0,0,0,1,0,6,0
85223.0,0,0,0,1,0,0,0,0,0,2,0
86332.0,0,4,0,2,0,3,0,12,1,9,3
92443.0,0,2,0,2,0,0,0,2,1,6,0
92495.0,0,2,0,3,0,0,0,0,4,7,0
93923.0,0,2,0,1,0,0,0,1,0,6,0
98618.0,0,0,0,0,0,0,0,1,0,3,0
105730.0,0,0,0,1,0,0,0,0,1,1,0
105775.0,0,1,0,0,0,0,0,1,0,1,0
107252.0,0,7,1,1,0,5,1,6,6,9,1
107981.0,0,0,0,1,0,1,0,0,1,0,0
108083.0,0,0,0,0,0,0,0,0,1,5,0
108163.0,0,4,1,3,0,1,0,2,2,14,7
108197.0,0,0,1,0,0,3,3,6,6,5,0
108673.0,0,0,0,2,0,0,0,0,0,0,0
109677.0,0,5,0,2,0,3,0,5,0,10,3
109688.0,0,0,0,0,0,1,0,3,0,5,0
114858.0,0,3,1,1,0,3,1,5,0,8,2
122228.0,0,3,0,1,0,7,0,6,5,9,0
122266.0,0,6,2,3,0,3,0,5,4,8,6
122759.0,0,3,1,0,0,2,0,13,0,8,2
122767.0,0,2,1,1,0,5,0,8,1,10,2
122804.0,0,3,1,1,0,6,0,8,4,10,1
122928.0,0,3,0,2,0,7,0,10,1,12,11
122945.0,0,0,0,0,0,2,0,3,0,5,0
122949.0,0,2,0,0,0,4,0,4,0,8,1
122950.0,0,2,0,1,0,1,0,7,0,6,0
122951.0,0,2,0,0,0,1,0,3,0,4,0
123105.0,0,0,0,1,0,0,1,1,0,5,0
123423.0,0,0,0,0,0,0,0,1,0,16,2
123464.0,0,2,2,3,0,4,0,16,1,11,3
123470.0,0,8,2,3,0,9,2,13,1,17,3
124002.0,0,2,0,0,0,0,0,1,0,5,0
125608.0,0,0,0,0,0,0,0,0,0,7,0
126508.0,0,1,0,2,0,3,0,0,0,8,1
126948.0,0,1,0,1,0,1,0,1,0,0,0
127294.0,0,6,1,2,0,4,5,8,9,5,3
127444.0,0,2,1,1,0,5,0,5,1,8,1
131133.0,0,2,0,1,0,2,0,3,2,10,1
131315.0,0,1,0,1,0,0,0,3,2,8,0
131316.0,0,4,0,1,0,2,0,7,4,12,1
132210.0,0,0,0,0,0,1,0,2,0,4,0
132305.0,0,2,0,1,0,1,0,0,0,1,0
132814.0,0,0,0,0,0,0,0,4,0,2,0
133117.0,0,1,1,0,0,1,0,7,3,3,0
134565.0,0,2,0,0,0,4,0,4,0,8,0
134575.0,0,5,1,0,0,4,0,8,3,8,1
134576.0,0,5,1,3,0,4,0,25,4,15,16
134599.0,0,1,0,2,0,3,0,11,0,11,5
134605.0,0,4,0,2,0,4,0,4,0,7,2
134676.0,0,4,1,1,0,6,1,10,3,11,2
134745.0,0,5,0,1,0,3,0,6,2,5,0
134936.0,0,8,3,3,0,7,0,16,6,12,11
135092.0,0,2,0,1,0,1,0,0,1,4,0
135234.0,0,0,0,0,0,0,0,0,0,6,0
135235.0,0,4,1,1,0,7,0,5,2,8,0
135237.0,0,0,1,1,0,5,0,11,5,20,3
135298.0,0,5,1,3,0,9,0,8,1,13,1
135329.0,0,2,1,1,0,4,0,4,1,8,0
136123.0,0,0,0,0,0,0,0,0,0,4,0
142172.0,0,4,0,0,0,2,0,3,1,8,0
142173.0,0,3,1,1,0,2,0,7,1,6,0
142174.0,0,0,0,0,0,2,0,2,0,6,0
142175.0,0,0,0,0,0,0,0,0,0,2,0
142183.0,0,0,0,1,0,2,0,3,0,7,0
142185.0,0,2,0,2,0,1,0,7,2,7,1
142186.0,0,0,0,0,0,0,0,1,0,2,0
142187.0,0,0,0,0,0,0,0,0,0,2,0
142189.0,0,1,0,0,0,1,0,2,0,6,0
142195.0,0,0,0,0,0,2,0,2,0,8,1
142196.0,0,0,0,0,0,0,0,0,0,2,0
142198.0,0,0,0,0,0,0,0,0,0,2,0
142686.0,0,2,0,0,0,1,0,7,0,8,0
142687.0,0,3,0,1,0,3,0,11,3,11,1
142688.0,0,2,0,0,0,1,0,5,0,6,0
142689.0,0,1,0,0,0,2,0,6,0,3,0
142690.0,0,1,0,0,0,0,0,6,1,5,0
142691.0,0,0,2,1,0,1,0,2,4,5,0
142692.0,0,3,0,1,0,4,1,14,2,10,0
142695.0,0,2,1,1,0,2,0,7,2,9,0
142696.0,0,4,0,0,0,5,2,10,1,9,1
142697.0,0,3,2,1,0,3,0,9,2,9,0
142698.0,0,4,0,3,0,3,0,7,2,10,0
142699.0,0,3,0,3,0,1,0,8,0,11,3
142700.0,0,4,0,0,0,5,0,7,1,14,1
142703.0,0,3,0,1,0,2,0,4,1,4,0
143447.0,0,1,0,1,0,1,0,4,2,5,2
143624.0,0,0,0,3,0,2,0,7,0,18,2
143633.0,0,0,0,0,0,0,0,0,0,4,0
143648.0,0,0,0,0,0,2,0,3,0,10,1
143685.0,0,0,0,0,0,0,0,0,0,4,0
143718.0,0,0,0,1,0,2,1,5,5,8,1
143888.0,0,2,0,3,0,2,0,3,0,6,3
143892.0,0,2,0,2,0,5,0,6,2,9,1
143975.0,0,3,0,8,0,3,0,18,6,29,10
144051.0,0,2,0,1,0,7,0,6,0,21,7
144055.0,0,3,2,3,0,2,0,6,7,12,2
144069.0,0,1,0,0,0,2,0,8,0,6,0
144070.0,0,0,0,0,0,0,0,0,0,3,0
144071.0,0,0,0,0,0,1,0,4,0,6,0
144072.0,0,0,0,0,0,1,0,1,0,4,0
144073.0,0,4,0,0,0,7,0,7,5,14,4
144081.0,0,0,0,0,0,0,0,3,0,4,0
144083.0,0,2,1,2,0,4,0,12,0,8,2
144270.0,0,4,0,1,0,2,0,10,0,9,0
144272.0,0,2,1,0,0,1,0,14,3,7,4
144450.0,0,1,0,0,0,2,0,7,0,10,1
144548.0,0,5,2,1,0,6,2,13,1,7,1
144713.0,0,1,0,0,0,0,0,5,0,9,0
144903.0,0,1,0,1,0,0,0,2,1,8,5
144955.0,0,3,0,2,0,2,1,4,3,7,1
144957.0,0,0,0,2,0,6,0,3,8,7,0
144964.0,0,0,0,2,0,0,0,2,2,7,0
144966.0,0,0,0,1,0,0,0,2,0,5,0
145027.0,0,1,0,0,0,2,0,5,0,6,0
145060.0,0,2,0,1,0,2,0,0,0,6,1
145237.0,0,3,0,1,0,3,0,4,1,5,0
145877.0,0,2,1,4,0,4,2,16,1,18,1
145879.0,0,1,1,1,0,10,1,15,1,12,0
145884.0,0,3,1,2,0,3,0,10,0,8,1
146259.0,0,0,0,1,0,2,0,2,0,10,0
146855.0,0,4,0,3,0,5,0,8,3,13,5
146933.0,0,6,1,2,0,6,2,9,4,11,8
147060.0,0,0,0,0,0,1,0,0,0,2,0
147067.0,0,0,0,0,0,0,0,2,0,5,0
147142.0,0,0,0,0,0,0,0,2,0,3,0
147151.0,0,1,0,1,0,1,0,5,0,9,2
153539.0,0,2,0,2,0,2,0,3,0,18,1
155467.0,0,3,0,0,0,1,0,4,2,6,1
155468.0,0,5,0,1,0,1,0,2,0,4,1
155526.0,0,3,0,13,0,3,0,5,0,19,4
155653.0,0,1,0,0,0,1,0,2,5,4,0
155678.0,0,6,0,1,0,2,0,1,0,8,2
155764.0,0,4,1,2,0,7,0,6,5,11,8
155865.0,0,0,0,4,0,3,0,1,0,5,1
155867.0,0,1,0,0,0,4,0,4,1,7,0
155898.0,0,2,0,0,0,0,0,4,0,5,0
155979.0,0,1,0,1,0,1,0,3,0,3,0
156831.0,0,0,0,0,0,2,0,3,0,3,0
156937.0,0,2,0,0,0,1,1,6,2,7,1
157060.0,0,4,0,4,0,1,0,1,4,7,2
157353.0,0,0,1,0,0,0,0,0,0,0,0
157684.0,0,1,0,1,0,2,0,3,0,8,2
158068.0,0,4,3,1,0,7,6,9,18,6,0
158668.0,0,1,1,0,0,2,0,0,10,0,0
158696.0,0,2,0,1,0,1,0,4,2,6,0
158934.0,0,3,1,0,0,3,2,3,2,3,1
158935.0,0,3,1,0,0,3,2,3,2,3,1
158941.0,0,2,0,1,0,2,0,7,0,4,0
159565.0,0,1,0,1,0,0,0,7,2,6,2
162015.0,0,1,0,0,0,0,1,4,0,10,1
163419.0,0,0,0,1,0,0,0,0,0,8,0
164790.0,0,3,0,1,0,3,0,2,1,13,1
166723.0,0,0,0,3,0,4,0,0,0,18,0
171360.0,0,2,0,1,0,0,0,3,2,9,2
175692.0,0,0,2,2,0,2,0,6,10,23,3
183025.0,0,0,0,0,0,1,0,10,1,3,0
183459.0,0,0,0,0,0,1,0,3,2,3,0
185349.0,0,1,0,0,0,0,0,1,1,1,0
185489.0,0,1,0,1,0,0,0,0,1,8,1
185556.0,0,3,1,2,0,1,0,15,0,9,1
185558.0,0,2,0,1,0,2,0,3,0,6,1
185726.0,0,2,0,1,0,2,2,2,6,13,9
185759.0,0,1,0,0,0,1,0,2,1,2,0
185761.0,0,3,1,2,0,5,0,9,2,9,1
185767.0,0,1,0,0,0,2,0,6,0,8,0
185781.0,0,3,0,1,0,2,0,3,0,1,0
185841.0,0,3,1,3,0,3,1,5,2,16,2
186441.0,0,6,0,0,0,1,0,2,1,6,1
186761.0,0,0,0,0,0,2,0,1,0,5,0
186817.0,0,0,0,0,0,2,0,2,0,4,0
186819.0,0,0,0,0,0,1,0,1,0,4,0
186820.0,0,0,0,2,0,0,0,0,0,4,1
186826.0,0,0,0,0,0,1,0,0,0,5,0
186827.0,0,0,0,0,0,1,0,1,0,5,0
187080.0,0,1,0,0,0,1,0,0,0,1,0
187092.0,0,4,0,2,0,2,1,2,1,7,0
187465.0,0,0,0,1,0,3,0,3,0,8,0
187984.0,0,4,0,3,0,0,0,4,0,8,0
187986.0,0,0,0,0,0,1,0,1,1,3,1
187989.0,0,1,0,0,0,0,0,1,0,6,0
187990.0,0,1,0,0,0,1,0,2,0,5,0
188053.0,0,6,1,1,0,8,10,13,8,9,0
188080.0,0,0,0,1,0,1,0,2,2,8,3
188083.0,0,0,0,0,0,0,0,0,0,1,0
188085.0,0,0,0,0,0,0,0,0,0,3,0
188087.0,0,0,0,0,0,0,0,0,0,1,0
188137.0,0,4,1,1,0,3,0,2,2,15,3
188445.0,0,3,1,5,0,18,3,22,5,24,7
188882.0,0,4,0,0,0,2,0,2,3,8,1
189175.0,0,2,0,1,0,3,0,8,1,6,1
189279.0,0,0,0,0,0,0,0,0,0,1,0
190419.0,0,1,0,2,0,0,0,1,4,17,2
190420.0,0,1,0,1,0,1,0,1,1,7,1
190504.0,0,3,1,1,0,5,0,3,1,4,1
190656.0,0,0,0,1,0,0,0,4,0,12,1
190718.0,0,1,0,1,0,9,0,11,0,11,0
190736.0,0,4,1,2,0,8,3,13,1,11,1
191095.0,0,1,2,1,0,3,0,3,0,4,0
191196.0,0,1,3,3,0,3,0,8,0,8,0
191199.0,0,0,1,0,0,3,0,3,5,6,0
191200.0,0,0,1,0,0,2,0,4,1,4,0
191530.0,0,1,0,0,0,3,0,5,0,9,0
191536.0,0,0,0,0,0,0,0,7,1,5,0
191789.0,0,1,1,3,0,6,0,11,2,8,5
191790.0,0,3,0,1,0,2,0,7,0,4,0
191823.0,0,3,0,2,0,3,0,7,0,9,0
191824.0,0,6,2,0,0,5,0,6,2,7,2
191825.0,0,2,2,0,0,3,0,3,0,2,0
191826.0,0,3,2,0,0,3,0,6,0,4,2
191827.0,0,2,0,0,0,1,0,2,0,2,1
191828.0,0,3,0,0,0,3,0,4,1,2,0
191829.0,0,2,1,0,0,3,0,3,1,2,1
191830.0,0,2,1,0,0,2,0,3,0,2,0
191851.0,0,1,0,0,0,1,0,7,0,8,0
191957.0,0,1,1,1,0,5,0,4,6,8,2
191961.0,0,1,0,0,0,2,0,2,1,2,0
191971.0,0,2,1,2,0,2,0,5,2,9,1
191972.0,0,2,0,1,0,2,0,8,7,12,5
191973.0,0,1,0,1,0,2,0,8,2,6,0
192016.0,0,0,0,0,0,0,0,0,0,4,0
192017.0,0,0,0,0,0,0,0,2,1,7,1
192018.0,0,0,0,0,0,0,0,0,0,5,0
192115.0,0,1,0,0,0,1,0,3,0,7,1
192116.0,0,4,0,2,0,1,0,3,0,5,0
192120.0,0,0,1,0,0,2,1,6,0,5,0
192198.0,0,2,0,0,0,0,0,2,1,6,0
192407.0,0,5,0,0,0,1,0,2,3,5,0
192786.0,0,0,0,1,0,0,0,0,0,8,2
192788.0,0,0,0,1,0,0,0,0,0,8,2
193448.0,0,0,0,0,0,1,0,5,1,3,0
193482.0,0,4,0,0,0,2,0,4,2,8,4
193486.0,0,0,0,0,0,0,0,1,0,6,1
193982.0,0,1,0,2,0,4,0,6,0,13,3
194033.0,0,0,0,0,0,0,0,1,6,4,1
194041.0,0,0,0,2,0,1,0,3,2,10,0
194046.0,0,0,0,2,0,1,0,2,1,15,1
194178.0,0,0,0,0,0,0,0,0,0,3,0
194183.0,0,0,0,2,0,2,0,2,1,18,7
194553.0,0,3,2,2,0,5,0,12,3,16,5
194599.0,0,0,0,1,0,1,0,3,0,8,1
194690.0,0,0,0,1,0,2,0,2,0,2,0
194728.0,0,4,0,3,0,5,3,5,11,9,1
194773.0,0,2,0,0,0,3,0,10,5,8,0
195124.0,0,1,0,0,0,3,1,4,10,9,1
195133.0,0,2,0,1,0,2,0,3,2,8,0
195134.0,0,1,0,0,0,2,0,5,3,10,3
195346.0,0,0,0,1,0,0,0,1,0,5,0
195350.0,0,3,0,0,0,0,0,2,1,7,0
195374.0,0,1,0,0,0,2,0,2,0,6,1
195392.0,0,3,0,0,0,3,0,4,1,7,0
195437.0,0,0,0,0,0,1,0,0,0,4,1
195439.0,0,0,0,0,0,0,0,0,0,1,2
195445.0,0,0,0,1,0,1,0,3,0,4,0
195447.0,0,0,0,0,0,1,0,1,0,3,1
195450.0,0,0,0,0,0,1,0,0,0,1,0
195451.0,0,0,0,0,0,0,0,0,0,3,0
195453.0,0,0,0,0,0,1,0,0,0,4,0
195454.0,0,1,0,0,0,0,0,2,0,1,0
195460.0,0,1,0,1,0,1,0,5,2,8,0
195554.0,0,0,0,0,0,0,0,1,1,4,0
195671.0,0,1,3,3,0,5,0,9,5,7,0
195712.0,0,1,0,1,0,1,0,4,2,4,0
195732.0,0,2,1,1,0,4,0,2,1,4,0
195768.0,0,3,1,1,0,3,1,4,1,7,0
195846.0,0,0,1,0,0,2,0,2,1,5,0
196016.0,0,1,1,0,0,0,0,3,0,7,1
196312.0,0,1,0,0,0,0,0,2,1,7,2
196390.0,0,0,0,0,0,0,0,4,1,2,0
196445.0,0,1,0,1,0,2,0,4,1,6,0
196547.0,0,2,0,0,0,0,0,2,0,4,1
196592.0,0,4,0,0,0,0,0,0,2,11,3
196596.0,0,0,0,1,0,1,0,4,1,3,0
196701.0,0,0,0,0,0,0,0,1,0,2,1
197027.0,0,0,0,0,0,0,0,2,0,7,0
197159.0,0,1,0,1,0,1,0,2,1,5,1
197726.0,0,0,0,1,0,0,0,0,0,0,0
198217.0,0,1,0,0,0,0,0,3,0,4,0
198360.0,0,2,0,0,0,0,0,2,0,6,1
198517.0,0,0,0,0,0,0,0,1,0,4,1
198681.0,0,0,0,0,0,0,0,1,0,1,1
198741.0,0,0,0,1,0,0,0,3,1,5,1
199212.0,0,2,0,0,0,1,0,5,1,5,1
199265.0,0,1,0,0,0,1,0,4,2,4,0
199343.0,0,1,0,1,0,2,0,5,2,9,1
199407.0,0,0,0,0,0,0,0,1,0,3,0
199526.0,0,1,1,0,0,5,0,5,0,5,0
199695.0,0,0,0,0,0,0,0,1,0,5,1
199759.0,0,2,0,1,0,2,0,7,4,8,0
199951.0,0,0,0,0,0,0,0,1,0,2,0
200220.0,0,2,0,0,0,0,0,6,1,4,2
200298.0,0,2,1,1,0,3,0,6,2,8,2
200678.0,0,0,0,0,0,1,0,0,0,0,0
202837.0,0,0,0,0,0,0,0,1,0,1,0
203361.0,0,1,0,0,0,0,0,0,2,3,0
203368.0,0,1,0,0,0,0,0,0,2,1,0
203397.0,0,1,1,3,0,2,0,9,0,7,0
203635.0,1,10,4,4,0,11,2,28,14,22,20
203657.0,0,1,0,0,0,2,0,1,0,2,0
203668.0,0,1,0,0,0,0,0,0,0,6,0
203671.0,0,0,0,0,0,1,0,0,0,5,0
203679.0,0,0,0,1,0,1,0,3,2,6,1
203680.0,0,2,0,1,0,2,0,4,3,12,2
203681.0,0,2,0,0,0,2,0,4,0,5,0
203694.0,0,0,0,0,0,0,0,0,0,1,0
203737.0,0,1,0,2,0,5,0,5,1,9,0
203740.0,0,1,0,0,0,3,0,6,1,6,0
203795.0,0,5,1,2,0,4,0,8,1,7,0
204066.0,0,0,0,2,0,3,2,4,2,11,2
204443.0,0,0,0,0,0,0,0,2,0,4,0
204650.0,0,0,0,0,0,1,0,3,0,5,0
204651.0,0,1,0,0,0,4,0,6,0,9,2
204813.0,0,4,0,1,0,7,0,5,2,13,3
204899.0,0,0,0,0,0,0,0,0,0,1,0
204902.0,0,0,0,0,0,0,0,0,1,1,0
204906.0,0,1,0,0,0,0,0,0,0,1,0
204909.0,0,0,0,0,0,0,0,0,0,2,0
204913.0,0,0,0,0,0,0,0,0,0,1,0
204915.0,0,0,0,0,0,0,0,0,0,1,0
204918.0,0,0,0,0,0,0,0,0,0,1,0
204920.0,0,0,0,0,0,0,0,0,0,1,0
204923.0,0,0,0,0,0,0,0,0,0,1,0
204925.0,0,0,0,0,0,0,0,0,0,1,0
204926.0,0,0,0,0,0,1,0,0,1,2,0
204927.0,0,0,0,2,0,0,0,0,0,6,2
204928.0,0,0,0,0,0,0,0,0,0,1,0
204930.0,0,1,0,0,0,3,0,1,9,5,1
204933.0,0,0,0,0,0,0,0,0,0,1,0
204934.0,0,0,0,0,0,0,0,0,0,1,0
204935.0,0,0,0,0,0,0,0,0,0,1,0
204941.0,0,0,0,0,0,0,0,0,1,5,1
204943.0,0,0,0,0,0,0,0,0,0,1,0
204946.0,0,0,0,0,0,0,0,0,0,1,0
204949.0,0,1,0,1,0,0,0,3,0,4,1
205026.0,0,1,0,2,0,5,0,14,3,9,1
205327.0,0,1,0,0,0,2,0,4,0,3,0
205328.0,0,1,0,1,0,1,0,3,0,3,0
205423.0,0,0,0,0,0,1,0,0,0,4,1
205449.0,0,0,0,1,0,5,0,10,1,8,0
205483.0,0,2,0,2,0,1,0,18,0,5,2
205613.0,0,0,0,0,0,0,0,0,0,2,0
205614.0,0,0,0,0,0,0,0,0,0,2,0
205615.0,0,0,0,0,0,0,0,3,2,5,0
205740.0,0,0,0,1,0,0,0,1,0,5,0
205741.0,0,0,0,0,0,0,0,3,0,5,0
205742.0,0,0,0,0,0,2,0,2,1,7,0
205743.0,0,0,0,0,0,1,0,3,0,5,0
205745.0,0,0,0,0,0,1,0,1,0,6,0
205747.0,0,3,0,1,0,4,0,8,2,9,0
205749.0,0,3,0,0,0,3,2,7,3,8,0
205750.0,0,0,0,0,0,3,0,3,2,3,0
205756.0,0,0,0,0,0,1,0,2,0,5,0
205760.0,0,2,0,1,0,3,0,10,1,10,1
205761.0,0,3,0,2,0,3,0,7,0,8,0
205763.0,0,1,0,0,0,0,0,3,0,2,0
205764.0,0,3,0,0,0,0,0,3,0,4,0
205766.0,0,1,0,1,0,1,0,3,0,7,0
205767.0,0,3,1,1,0,5,0,5,3,8,0
205768.0,0,0,0,1,0,3,0,8,4,9,2
205769.0,0,0,0,1,0,4,0,7,2,7,0
205772.0,0,0,0,0,0,0,0,1,0,2,0
205773.0,0,0,0,1,0,5,0,3,1,4,0
205784.0,0,0,0,0,0,0,0,0,0,3,0
205785.0,0,0,0,1,0,0,0,0,0,2,0
205792.0,0,1,0,0,0,1,0,8,0,5,0
205795.0,0,2,1,0,0,2,0,3,2,7,1
205796.0,0,3,0,2,0,6,0,5,2,9,2
205797.0,0,3,0,1,0,2,0,4,3,8,2
205798.0,0,2,1,1,0,3,0,3,3,8,3
205799.0,0,0,0,0,0,1,0,3,2,6,1
205844.0,0,0,0,1,0,3,0,4,0,5,0
205845.0,0,0,0,0,0,0,0,1,0,2,0
205846.0,0,1,0,0,0,0,0,4,0,5,0
205847.0,0,1,0,0,0,2,1,11,1,6,0
205849.0,0,2,0,0,0,1,0,4,2,8,2
205854.0,0,1,0,2,0,3,0,9,4,12,4
205857.0,0,1,1,0,0,4,1,5,3,6,0
205858.0,0,0,1,1,0,1,0,5,5,5,0
205859.0,0,0,0,1,0,3,0,2,5,6,0
205860.0,0,0,1,0,0,1,0,2,0,3,0
205861.0,0,0,1,0,0,0,0,1,1,3,0
205862.0,0,1,1,0,0,2,0,5,8,4,0
205864.0,0,0,0,1,0,0,0,0,2,4,0
205922.0,0,0,0,0,0,0,0,0,0,2,0
205923.0,0,1,0,0,0,1,0,2,1,4,0
205926.0,0,1,0,0,0,3,0,2,1,3,0
205927.0,0,3,0,1,0,3,0,1,3,6,0
205928.0,0,3,1,0,0,0,0,0,1,0,0
205929.0,0,1,0,0,0,0,0,3,0,6,0
205930.0,0,0,0,1,0,1,0,1,0,6,1
205931.0,0,0,0,0,0,0,0,0,0,2,0
205932.0,0,0,0,0,0,0,0,2,0,2,0
205933.0,0,0,0,0,0,0,0,1,0,3,0
205935.0,0,0,0,0,0,2,0,1,0,5,0
205936.0,0,1,0,1,0,2,0,3,2,9,3
205937.0,0,0,2,2,0,5,0,8,7,18,7
205938.0,0,0,0,0,0,0,0,4,0,4,0
205939.0,0,0,0,0,0,0,0,2,0,3,0
205942.0,0,0,0,0,0,0,0,0,0,4,0
205943.0,0,0,1,0,0,1,0,2,0,3,0
205944.0,0,0,1,0,0,1,0,4,3,8,1
205945.0,0,0,0,0,0,1,0,1,0,1,0
205947.0,0,1,4,1,0,0,0,3,24,5,0
205949.0,0,2,0,0,0,4,0,5,3,6,1
205950.0,0,1,0,0,0,1,0,2,0,3,0
205951.0,0,0,0,0,0,0,0,1,0,3,0
205952.0,0,1,1,0,0,3,0,3,1,4,0
205978.0,0,2,0,1,0,4,1,6,3,8,0
205979.0,0,0,0,0,0,1,1,4,2,5,0
205981.0,0,2,0,3,0,4,0,8,3,13,4
205982.0,0,2,0,1,0,3,0,3,0,9,1
205983.0,0,1,0,0,0,0,0,3,0,9,0
205984.0,0,2,0,3,0,4,0,8,1,8,0
205985.0,0,4,2,2,0,4,0,6,4,16,1
205986.0,0,0,0,0,0,0,0,4,0,4,0
205987.0,0,0,0,1,0,0,0,2,1,2,0
205988.0,0,1,0,0,0,1,0,3,0,6,0
205989.0,0,0,0,0,0,1,0,2,1,3,0
205991.0,0,2,0,0,0,0,0,0,1,5,0
205992.0,0,0,0,1,0,0,0,2,0,5,0
205993.0,0,0,0,0,0,1,0,1,1,5,0
205994.0,0,1,0,0,0,3,1,2,2,3,0
205996.0,0,1,0,0,0,3,0,1,0,4,0
205998.0,0,1,0,0,0,1,0,2,0,4,0
206003.0,0,1,0,0,0,1,0,1,0,6,0
206004.0,0,0,0,0,0,1,0,2,0,8,0
206005.0,0,1,0,1,0,2,1,3,2,8,1
206008.0,0,2,0,1,0,3,0,6,2,5,0
206009.0,0,2,0,1,0,3,0,5,2,10,1
206012.0,0,1,1,0,0,4,0,6,4,17,2
206013.0,0,0,0,0,0,1,0,2,0,2,0
206050.0,0,6,1,2,0,4,0,3,1,7,6
206052.0,0,1,0,0,0,1,0,2,1,5,5
206070.0,0,1,0,0,0,1,0,3,0,1,0
206132.0,0,0,0,1,0,2,0,1,0,10,0
206134.0,0,0,0,0,0,2,0,2,0,3,0
206135.0,0,0,0,0,0,0,0,1,0,3,0
206136.0,0,0,0,2,0,3,0,6,3,4,0
206137.0,0,0,0,0,0,0,0,1,0,3,0
206138.0,0,0,0,0,0,0,0,2,0,2,0
206139.0,0,0,1,1,0,3,0,4,3,7,2
206140.0,0,0,0,1,0,2,0,4,1,3,0
206141.0,0,0,0,1,0,1,0,1,0,5,0
206142.0,0,0,0,1,0,4,0,3,1,8,0
206143.0,0,0,0,2,0,2,0,1,0,5,2
206145.0,0,2,0,2,0,6,0,3,1,10,1
206147.0,0,3,0,2,0,6,0,14,2,13,2
206148.0,0,4,1,2,0,2,0,11,4,15,3
206152.0,0,0,0,1,0,0,0,4,0,8,0
206153.0,0,0,0,0,0,0,0,1,1,5,0
206154.0,0,0,0,0,0,3,0,2,0,3,0
206156.0,0,0,0,0,0,2,0,4,0,6,0
206157.0,0,0,0,0,0,0,0,0,1,3,1
206158.0,0,0,0,0,0,0,0,5,0,2,0
206159.0,0,0,0,1,0,4,0,4,3,8,0
206160.0,0,0,0,0,0,2,0,2,0,5,0
206163.0,0,0,0,0,0,1,0,2,0,4,1
206167.0,0,0,0,0,0,1,0,3,1,3,0
206169.0,0,0,0,0,0,2,0,1,2,5,0
206170.0,0,1,0,1,0,5,0,1,3,6,0
206171.0,0,0,0,0,0,2,0,1,1,5,0
206172.0,0,1,0,0,0,1,0,0,0,5,0
206173.0,0,0,0,1,0,0,0,0,0,6,0
206176.0,0,0,0,1,0,1,0,3,0,5,0
206180.0,0,1,0,1,0,2,0,2,1,2,0
206190.0,0,0,0,0,0,0,0,2,0,4,0
206191.0,0,2,0,0,0,2,0,2,0,4,0
206195.0,0,2,0,1,0,2,0,4,5,6,0
206196.0,0,1,0,0,0,0,0,0,0,4,0
206199.0,0,2,0,2,0,5,0,2,2,3,0
206202.0,0,3,0,3,0,5,0,4,6,9,0
206205.0,0,2,0,1,0,2,0,1,0,4,0
206207.0,0,0,0,0,0,1,0,2,0,2,0
206208.0,0,2,0,0,0,1,0,1,2,3,0
206210.0,0,0,0,1,0,0,0,3,0,4,0
206211.0,0,1,0,0,0,1,0,3,1,1,1
206212.0,0,1,0,1,0,4,0,2,0,8,0
206213.0,0,0,0,0,0,0,0,0,1,4,1
206214.0,0,2,0,0,0,4,0,1,1,10,2
206217.0,0,1,0,0,0,3,0,4,0,4,1
206218.0,0,1,0,0,0,0,0,2,0,3,0
206219.0,0,0,0,0,0,1,0,3,0,5,0
206220.0,0,1,0,0,0,0,0,2,1,6,0
206222.0,0,6,0,1,0,6,0,16,1,10,3
206223.0,0,1,0,0,0,1,0,7,1,7,0
206293.0,0,2,0,3,0,2,0,4,0,8,6
206294.0,0,2,0,1,0,3,1,6,2,8,4
206295.0,0,0,0,0,0,4,0,1,2,10,0
206296.0,0,5,0,3,0,5,0,5,2,11,5
206299.0,0,0,0,0,0,0,0,1,0,5,0
206300.0,0,1,0,0,0,2,0,2,1,5,1
206301.0,0,4,0,1,0,6,0,8,5,14,11
206303.0,0,0,0,1,0,1,0,3,1,4,0
206304.0,0,0,0,0,0,1,0,2,1,4,0
206306.0,0,1,0,0,0,1,0,4,0,6,0
206307.0,0,1,0,0,0,3,0,3,2,6,0
206308.0,0,2,0,0,0,2,0,2,0,10,0
206309.0,0,0,0,1,0,4,0,4,1,5,0
206311.0,0,0,0,0,0,0,1,0,0,4,0
206312.0,0,2,0,1,0,2,1,3,1,4,0
206313.0,0,0,0,0,0,0,0,0,0,2,0
206314.0,0,0,1,0,0,3,0,4,1,10,0
206315.0,0,0,1,2,0,2,0,2,2,7,0
206317.0,0,2,0,1,0,1,0,2,0,9,1
206318.0,0,3,0,3,0,4,0,9,2,12,3
206319.0,0,3,0,0,0,2,0,5,0,2,0
206321.0,0,1,0,0,0,5,0,2,0,6,0
206322.0,0,1,0,1,0,3,0,3,2,10,0
206323.0,0,2,0,2,0,6,0,2,0,4,0
206324.0,0,1,0,0,0,0,1,2,0,6,0
206325.0,0,2,0,0,0,2,0,2,0,9,0
206326.0,0,0,0,2,0,0,0,2,0,7,1
206328.0,0,0,0,1,0,0,0,0,0,2,0
206329.0,0,0,0,0,0,0,0,0,0,2,0
206330.0,0,2,0,0,0,2,0,5,1,5,0
206331.0,0,0,0,1,0,0,0,3,2,6,0
206332.0,0,2,0,1,0,1,0,1,1,5,0
206333.0,0,2,0,3,0,6,0,3,3,10,1
206334.0,0,0,0,0,0,0,0,1,0,3,0
206377.0,0,1,0,1,0,2,0,1,0,5,0
206378.0,0,0,0,1,0,1,0,1,0,6,0
206380.0,0,0,0,0,0,1,0,3,0,4,0
206381.0,0,3,0,0,0,2,0,8,4,4,0
206382.0,0,4,0,2,0,2,0,2,1,9,0
206383.0,0,2,0,3,0,7,0,5,5,9,0
206384.0,0,2,1,0,0,5,0,2,3,6,0
206394.0,0,0,0,2,0,5,0,8,3,12,0
206395.0,0,1,0,1,0,1,0,3,0,7,0
206396.0,0,2,1,1,0,2,0,2,2,6,0
206397.0,0,0,1,1,0,2,0,3,2,6,0
206398.0,0,3,0,2,0,4,0,4,3,7,1
206399.0,0,4,0,1,0,3,0,6,0,6,0
206400.0,0,2,0,1,0,3,0,4,2,9,0
206402.0,0,0,1,1,0,4,0,6,2,3,0
206403.0,0,2,0,0,0,3,0,5,2,5,0
206419.0,0,1,0,0,0,2,0,2,0,5,0
206420.0,0,2,0,1,0,2,0,3,0,6,0
206423.0,0,2,0,0,0,0,0,3,1,6,0
206425.0,0,2,0,1,0,6,0,8,3,9,1
206428.0,0,0,0,0,0,0,0,1,0,3,0
206429.0,0,1,0,0,0,0,0,4,1,5,0
206430.0,0,0,0,1,0,1,0,2,2,5,0
206431.0,0,0,0,0,0,0,0,0,0,2,0
206432.0,0,0,0,0,0,0,0,0,0,2,0
206434.0,0,1,0,0,0,3,0,3,0,4,0
206435.0,0,0,0,1,0,4,0,2,2,8,0
206436.0,0,0,0,0,0,3,0,5,2,9,1
206437.0,0,2,1,1,0,3,0,6,0,11,3
206438.0,0,2,0,2,0,2,0,5,1,6,0
206439.0,0,1,0,0,0,2,0,6,2,7,0
206448.0,0,0,0,1,0,0,0,0,0,2,0
206449.0,0,4,0,0,0,2,0,6,1,6,0
206451.0,0,2,0,1,0,4,0,3,0,5,0
206452.0,0,2,0,2,0,5,0,5,1,10,1
206453.0,0,3,0,1,0,2,0,6,1,8,0
206454.0,0,0,0,0,0,2,0,2,1,3,0
206455.0,0,3,1,0,0,2,0,3,0,7,0
206456.0,0,2,1,1,0,6,0,5,5,10,1
206458.0,0,2,0,1,0,5,0,3,3,10,0
206459.0,0,2,3,1,0,5,0,8,1,7,0
206460.0,0,6,0,1,0,3,0,12,2,9,0
206462.0,0,2,0,0,0,3,0,3,0,6,0
206464.0,0,0,0,0,0,1,0,1,2,8,0
206465.0,0,1,0,1,0,1,0,2,0,5,0
206466.0,0,5,0,1,0,5,0,6,1,8,1
206467.0,0,2,0,0,0,3,0,3,2,5,0
206690.0,0,0,0,0,0,2,0,5,0,5,0
206849.0,0,0,0,0,0,0,0,1,0,1,0
206850.0,0,1,0,0,0,2,0,6,0,7,0
206851.0,0,1,0,1,0,0,0,4,0,6,0
206852.0,0,0,0,0,0,1,0,1,0,3,0
206853.0,0,0,0,0,0,1,0,2,0,4,0
206854.0,0,0,0,0,0,1,0,1,0,2,0
206855.0,0,0,0,0,0,1,0,1,0,2,0
206856.0,0,2,0,1,0,6,0,3,4,7,0
206858.0,0,0,0,1,0,4,0,4,2,5,2
206859.0,0,0,0,1,0,1,0,7,1,7,1
206860.0,0,0,0,0,0,1,0,1,0,3,0
206889.0,0,0,0,1,0,1,0,2,0,5,0
206890.0,0,1,0,0,0,6,0,4,2,5,0
206892.0,0,0,0,0,0,0,0,1,0,3,0
206893.0,0,0,0,0,0,0,0,1,0,3,0
206895.0,0,1,0,0,0,1,0,4,0,5,0
206896.0,0,0,0,0,0,1,0,2,0,5,0
206897.0,0,0,0,0,0,1,0,1,0,4,0
206898.0,0,0,0,2,0,0,0,1,0,7,0
206900.0,0,1,1,1,0,4,1,6,2,9,0
206901.0,0,0,0,0,0,1,0,2,0,3,0
206902.0,0,0,0,1,0,0,0,4,0,7,1
206903.0,0,0,0,0,0,0,0,2,0,5,0
206905.0,0,0,0,0,0,0,0,2,0,3,0
206906.0,0,0,0,0,0,0,0,1,0,3,0
206908.0,0,6,0,1,0,7,0,14,7,10,0
206910.0,0,2,0,2,0,7,0,5,2,9,1
206911.0,0,1,0,0,0,2,0,2,0,3,0
206942.0,0,1,0,0,0,1,0,4,0,7,2
206943.0,0,0,0,0,0,2,0,3,0,7,1
206944.0,0,2,0,0,0,3,0,2,2,7,0
206945.0,0,0,0,0,0,0,0,1,0,3,0
206946.0,0,1,0,0,0,1,0,1,0,5,0
206947.0,0,0,0,0,0,0,0,3,0,8,0
206948.0,0,1,0,1,0,1,0,2,3,9,1
206949.0,0,0,0,0,0,1,0,2,0,2,0
206950.0,0,0,0,0,0,0,0,2,0,3,0
206951.0,0,1,0,0,0,4,0,4,2,7,0
206952.0,0,2,0,0,0,0,0,1,0,3,0
206953.0,0,0,0,0,0,2,0,6,1,10,0
206956.0,0,0,0,1,0,3,0,3,3,7,0
206957.0,0,2,0,1,0,2,0,4,2,5,0
206958.0,0,0,0,1,0,1,0,2,1,4,1
206959.0,0,1,0,0,0,2,0,1,1,6,0
206960.0,0,1,0,0,0,1,0,2,0,8,0
206961.0,0,0,0,0,0,1,0,0,0,0,0
206962.0,0,0,0,0,0,1,0,3,1,10,0
207056.0,0,2,1,1,0,3,0,4,1,3,0
207057.0,0,0,0,0,0,3,0,7,2,6,1
207058.0,0,1,0,0,0,1,0,1,0,7,0
207059.0,0,0,0,0,0,4,0,4,2,6,1
207060.0,0,1,0,0,0,2,0,6,2,3,0
207061.0,0,0,0,0,0,0,0,1,0,5,0
207062.0,0,0,0,0,0,1,0,2,0,3,0
207063.0,0,0,0,0,0,1,0,0,0,5,0
207064.0,0,1,0,0,0,0,0,1,0,2,0
207065.0,0,1,0,0,0,2,0,3,1,6,0
207164.0,0,1,0,0,0,0,0,1,0,4,0
207165.0,0,3,0,2,0,4,0,3,1,9,0
207166.0,0,0,0,0,0,4,0,5,2,4,0
207167.0,0,1,0,0,0,1,0,3,1,3,0
207169.0,0,1,0,1,0,2,0,1,0,3,0
207170.0,0,0,0,2,0,1,0,1,0,8,0
207172.0,0,2,0,1,0,3,0,4,2,4,0
207174.0,0,2,0,3,0,4,0,5,2,8,0
207175.0,0,2,0,1,0,3,0,3,2,8,0
207177.0,0,0,0,0,0,0,0,0,0,3,0
207179.0,0,2,0,3,0,3,0,5,4,9,2
207181.0,0,0,0,1,0,1,0,7,0,5,0
207288.0,0,0,0,0,0,2,0,0,0,0,0
207289.0,0,2,1,1,0,2,2,5,12,7,0
207309.0,0,0,0,0,0,1,0,0,0,3,0
207310.0,0,1,1,0,0,0,0,2,0,4,0
207311.0,0,0,0,0,0,0,0,0,0,1,0
207312.0,0,0,0,1,0,1,0,1,1,5,1
207314.0,0,0,0,0,0,0,0,0,0,2,0
207315.0,0,4,1,2,0,7,1,12,5,9,1
207316.0,0,0,0,0,0,0,0,1,0,4,0
207317.0,0,2,0,0,0,3,0,2,1,3,0
207355.0,0,0,0,0,0,1,0,3,0,2,0
207467.0,0,1,0,0,0,1,0,1,0,1,0
207910.0,0,4,0,0,0,0,0,0,0,4,1
207911.0,0,2,0,3,0,0,0,3,0,12,4
208266.0,0,0,0,1,0,1,0,2,0,3,0
208267.0,0,0,0,0,0,1,0,2,0,2,0
208268.0,0,3,0,1,0,3,0,9,2,7,0
208271.0,0,2,0,0,0,3,0,2,0,4,0
208273.0,0,0,0,1,0,2,0,0,0,6,0
208275.0,0,0,0,0,0,1,0,1,0,5,0
208276.0,0,0,0,0,0,0,0,0,0,4,0
208277.0,0,2,0,0,0,0,0,1,0,3,0
208279.0,0,0,0,0,0,1,0,4,1,3,0
208280.0,0,1,0,0,0,2,0,1,0,5,0
208328.0,0,1,0,0,0,0,0,3,0,2,0
208330.0,0,1,0,0,0,1,0,2,0,2,0
208331.0,0,1,0,0,0,0,0,1,0,2,0
208332.0,0,0,0,1,0,0,0,3,1,2,0
208333.0,0,3,1,0,0,5,0,11,1,14,1
208334.0,0,2,2,1,0,4,0,3,2,10,0
208335.0,0,1,0,0,0,4,0,6,3,9,0
208336.0,0,2,0,3,0,2,0,2,2,10,0
208337.0,0,0,0,1,0,3,0,5,0,7,2
208338.0,0,1,0,1,0,5,0,7,1,12,2
208339.0,0,1,0,3,0,4,0,2,2,12,2
208340.0,0,0,0,0,0,3,0,2,0,7,0
208341.0,0,0,1,1,0,2,0,3,1,6,0
208343.0,0,2,0,0,0,1,0,3,0,7,3
208346.0,0,2,0,2,0,3,0,4,0,6,0
208348.0,0,2,1,0,0,1,0,3,2,5,0
208390.0,0,2,0,0,0,2,0,5,3,3,2
208391.0,0,0,0,3,0,2,0,3,2,10,0
208392.0,0,1,0,1,0,4,0,3,1,9,1
208393.0,0,0,0,0,0,2,0,1,0,5,0
208394.0,0,2,0,1,0,1,0,3,1,6,1
208396.0,0,2,0,0,0,2,0,2,0,9,0
208397.0,0,1,0,0,0,3,0,2,0,10,1
208398.0,0,0,0,0,0,2,0,1,0,5,0
208474.0,0,0,0,1,0,4,0,6,2,7,2
208475.0,0,0,0,1,0,2,0,4,1,7,0
208476.0,0,0,0,0,0,0,0,0,0,2,0
208477.0,0,0,0,0,0,0,0,1,0,5,0
208478.0,0,0,0,1,0,0,0,1,0,4,0
208484.0,0,0,0,1,0,3,0,4,4,10,2
208930.0,0,3,0,1,0,3,0,5,0,3,0
208931.0,0,0,0,1,0,3,0,3,2,6,0
208932.0,0,0,0,0,0,2,0,6,2,9,3
208933.0,0,0,0,0,0,1,0,4,1,4,0
208934.0,0,0,0,0,0,0,0,2,0,2,0
208935.0,0,3,0,1,0,2,0,2,1,7,0
208936.0,0,0,0,0,0,0,0,2,0,3,0
208937.0,0,3,0,1,0,1,0,3,0,5,0
209445.0,0,0,0,0,0,3,1,10,0,4,0
209628.0,0,0,0,0,0,4,0,10,0,6,0
209671.0,0,3,0,2,0,3,0,5,1,6,0
209836.0,0,1,0,0,0,0,0,2,0,5,0
209837.0,0,0,0,0,0,1,0,0,1,6,0
209838.0,0,0,0,0,0,0,0,0,0,2,0
209839.0,0,0,0,0,0,3,0,2,3,5,0
209868.0,0,1,0,0,0,0,0,4,0,0,0
209909.0,0,0,0,0,0,1,0,0,1,4,0
210060.0,0,1,0,0,0,2,0,3,0,5,0
210140.0,0,3,0,2,0,4,0,4,0,5,1
210265.0,0,5,0,1,0,3,0,4,1,7,0
210267.0,0,0,0,0,0,1,0,1,0,4,0
210332.0,0,0,0,3,0,2,0,1,0,21,10
210493.0,0,3,0,1,0,2,0,15,0,10,1
211939.0,0,2,0,0,0,2,0,4,1,6,1
211957.0,0,2,1,0,0,1,0,5,3,1,0
212179.0,0,0,0,0,0,1,0,1,1,4,1
212605.0,0,4,0,0,0,1,0,0,0,4,0
212969.0,0,0,0,2,0,0,0,1,0,7,0
212971.0,0,0,0,0,0,1,0,0,0,4,0
212975.0,0,1,0,0,0,0,0,0,0,1,0
212976.0,0,1,0,0,0,0,0,0,0,1,0
212977.0,0,1,0,0,0,0,0,0,0,1,0
212978.0,0,1,0,0,0,0,0,0,0,1,0
214669.0,0,0,0,0,0,0,0,2,0,3,1
214670.0,0,0,0,1,0,1,0,2,1,3,0
214671.0,0,0,1,1,0,0,0,0,0,4,0
214679.0,0,0,0,0,0,0,0,1,0,6,0
216983.0,0,0,0,1,0,1,0,3,0,3,0
217008.0,0,2,1,0,0,2,0,6,2,4,1
217330.0,0,0,0,0,0,0,0,0,1,4,0
217344.0,0,0,0,0,0,0,0,0,2,4,0
217350.0,0,0,0,0,0,0,0,0,1,4,0
218987.0,0,1,0,0,0,0,3,0,1,0,0
220728.0,0,1,0,0,0,0,0,2,2,4,0
222130.0,0,3,1,1,0,3,0,3,2,13,3
222961.0,0,1,0,2,0,0,0,3,0,4,1
224829.0,0,0,0,0,0,1,0,1,0,2,0
225030.0,0,3,1,4,0,6,0,14,0,22,7
226338.0,0,1,0,0,0,0,0,0,0,1,0
226441.0,0,0,0,0,0,0,0,0,0,3,0
226455.0,0,1,0,0,0,0,0,0,0,3,0
226456.0,0,0,0,0,0,0,0,0,0,3,0
226488.0,0,2,0,0,0,0,0,0,0,4,0
226501.0,0,1,0,0,0,3,0,0,0,7,0
226944.0,0,3,0,1,0,5,0,8,4,9,1
227886.0,0,2,0,2,0,4,0,4,0,7,0
227904.0,0,0,0,0,0,0,0,3,0,6,1
227973.0,0,2,0,1,0,0,0,1,0,2,0
227974.0,0,1,0,0,0,1,0,2,0,6,0
227976.0,0,2,0,0,0,1,0,1,1,2,0
227979.0,0,0,0,0,0,4,1,4,0,3,0
227991.0,0,0,0,0,0,0,0,0,0,2,0
228007.0,0,0,0,0,0,0,0,2,0,4,0
228008.0,0,0,0,1,0,0,0,1,0,5,1
228015.0,0,0,0,0,0,3,0,1,2,3,0
228019.0,0,0,0,0,0,0,0,0,0,4,0
228020.0,0,2,0,1,0,1,0,3,0,4,0
228021.0,0,1,0,0,0,4,0,8,1,6,0
228022.0,0,0,0,0,0,1,0,4,0,3,0
228029.0,0,0,0,2,0,1,0,1,0,6,0
228031.0,0,0,0,2,0,5,0,5,0,9,1
228045.0,0,3,1,0,0,2,0,2,1,3,0
228046.0,0,0,1,0,0,2,0,3,1,7,1
228053.0,0,0,0,0,0,1,0,1,0,2,0
228066.0,0,1,0,1,0,1,0,2,0,5,0
228067.0,0,4,0,1,0,5,0,7,2,6,0
228088.0,0,1,0,1,0,2,0,1,1,4,0
228106.0,0,2,0,3,0,1,0,5,1,6,0
228123.0,0,3,0,0,0,3,0,5,1,7,0
228124.0,0,3,0,1,0,3,0,11,2,11,2
228126.0,0,1,0,2,0,0,0,2,0,5,0
228128.0,0,1,0,0,0,1,0,2,0,2,0
228131.0,0,0,0,0,0,0,0,1,1,4,0
228164.0,0,2,0,0,0,2,0,1,0,5,1
228169.0,0,0,0,0,0,0,0,0,1,0,0
228182.0,0,1,0,0,0,0,0,1,0,1,0
228184.0,0,2,0,1,0,4,0,8,1,7,2
228186.0,0,4,2,1,0,3,0,1,2,5,0
228187.0,0,2,0,0,0,1,0,2,0,5,0
228188.0,0,0,0,0,0,0,0,1,0,0,0
228191.0,0,2,0,0,0,0,0,0,1,6,0
228192.0,0,0,0,0,0,0,0,0,0,3,0
228193.0,0,2,0,0,0,0,0,0,0,0,0
228195.0,0,0,0,0,0,0,0,1,0,2,0
228202.0,0,2,0,1,0,3,0,0,1,9,1
228206.0,0,0,0,0,0,1,0,5,0,4,0
228255.0,0,1,0,0,0,0,0,3,0,0,0
228257.0,0,2,0,0,0,0,0,6,1,7,0
228258.0,0,0,0,1,0,0,0,0,0,2,0
228259.0,0,0,0,0,0,0,0,0,0,3,0
228261.0,0,0,0,0,0,0,0,0,0,5,0
228263.0,0,0,0,0,0,1,0,0,0,6,0
228264.0,0,2,0,1,0,3,0,0,0,6,0
228282.0,0,0,0,0,0,0,0,1,1,7,2
228308.0,0,1,0,1,0,0,0,0,0,4,0
228326.0,0,0,0,0,0,0,0,0,0,4,0
228328.0,0,0,0,1,0,1,0,1,0,9,0
228329.0,0,1,0,0,0,0,0,0,0,3,0
228351.0,0,0,1,0,0,0,0,0,1,0,0
228356.0,0,4,3,1,0,3,0,4,1,0,0
228361.0,0,2,0,1,0,1,0,3,0,3,1
228363.0,0,0,0,0,0,0,0,0,0,4,0
228364.0,0,5,1,1,0,0,0,1,2,6,0
228365.0,0,1,0,0,0,0,0,1,0,4,0
228368.0,0,0,0,0,0,0,0,0,0,1,0
229581.0,0,3,1,0,0,1,1,4,1,4,0
229882.0,0,3,1,3,1,6,0,15,1,12,2
230046.0,0,4,0,1,0,2,0,5,0,10,0
230048.0,0,3,0,1,0,0,0,1,1,9,5
230442.0,0,3,0,1,0,3,0,10,0,5,0
230718.0,0,3,1,2,0,3,0,8,1,8,3
231161.0,0,1,0,0,0,3,0,5,0,4,0
231326.0,0,1,0,0,0,2,0,2,0,5,0
231677.0,0,1,0,1,0,0,0,1,0,6,0
231947.0,0,0,0,0,0,0,0,0,0,4,0
232161.0,0,2,2,0,0,5,1,5,0,5,0
232236.0,0,0,0,0,0,2,0,2,0,5,0
232876.0,0,6,1,3,0,5,0,15,2,11,4
232935.0,0,1,0,1,0,2,0,4,0,4,1
232939.0,0,2,0,0,0,4,0,9,0,11,2
232947.0,0,1,0,0,0,0,0,0,0,3,0
232948.0,0,0,0,0,0,0,0,1,0,3,0
233025.0,0,3,1,2,0,5,0,4,0,5,2
233107.0,0,0,0,0,0,0,0,0,1,0,0
233347.0,0,2,0,0,0,4,0,3,0,8,0
233725.0,0,1,0,1,0,2,0,9,0,5,1
234066.0,0,0,0,0,0,0,0,0,0,3,0
234067.0,0,0,0,0,0,0,0,0,0,3,0
234528.0,0,2,0,0,0,0,0,1,2,4,0
234529.0,0,2,0,0,0,0,0,1,2,4,0
235751.0,0,3,0,0,0,0,0,1,1,2,0
236806.0,0,0,0,1,0,4,1,0,2,14,2
237746.0,0,2,0,0,0,5,0,4,0,11,0
237747.0,0,0,0,0,0,0,0,0,0,4,0
237940.0,0,0,0,0,0,0,0,0,0,1,0
238301.0,0,1,2,1,0,3,0,10,1,7,0
239423.0,0,2,1,0,0,3,0,1,0,7,0
239474.0,0,0,0,0,0,0,0,0,0,4,1
239475.0,0,0,0,1,0,1,0,0,0,4,1
240070.0,0,5,1,2,0,6,0,13,4,19,3
241607.0,0,0,0,0,0,0,0,2,0,4,0
241797.0,0,0,0,1,0,2,0,4,0,10,0
242440.0,0,1,0,0,0,0,0,1,0,4,0
242867.0,0,0,0,0,0,2,0,2,3,5,0
243349.0,0,0,0,0,0,0,0,3,0,4,0
243607.0,0,0,0,1,0,0,0,1,0,0,0
243676.0,0,0,0,1,0,0,0,0,0,4,0
243680.0,0,0,0,0,0,0,0,0,0,4,0
243681.0,0,0,0,1,0,1,0,0,0,5,1
243684.0,0,1,0,1,0,2,0,4,0,5,1
244258.0,0,1,0,0,0,1,0,5,0,6,0
244581.0,0,1,0,2,0,1,0,2,0,6,1
244583.0,0,0,0,1,0,1,0,0,0,7,1
244584.0,0,0,0,0,0,2,0,4,3,4,0
244626.0,0,1,0,2,0,0,0,2,1,10,3
244917.0,0,0,0,0,0,1,0,0,0,5,0
244919.0,0,0,0,0,0,0,0,0,0,3,0
246047.0,0,0,0,0,0,6,0,10,3,5,0
247015.0,0,0,0,0,0,0,0,1,0,0,0
247872.0,0,1,0,0,0,3,0,14,0,7,0
248178.0,0,14,1,3,0,7,1,18,7,29,10
248675.0,0,0,0,0,0,0,0,0,0,3,0
248677.0,0,0,0,0,0,0,0,0,0,3,0
248824.0,0,0,0,2,0,1,0,0,0,6,1
248876.0,0,1,0,1,0,1,0,2,9,8,0
248877.0,0,2,0,1,0,1,0,3,10,8,1
248892.0,0,0,0,0,0,0,0,0,0,5,0
250732.0,0,4,1,1,0,1,0,0,3,10,0
250844.0,5,1,0,3,0,5,1,10,1,12,0
250907.0,0,0,0,1,0,1,0,1,0,3,0
250908.0,0,1,0,0,0,1,0,3,0,3,0
251086.0,0,0,0,0,0,0,0,0,0,5,0
251681.0,0,0,0,2,0,4,0,0,1,13,2
251683.0,0,4,0,2,0,3,1,3,1,7,0
252247.0,0,4,2,3,0,6,2,6,21,14,10
252865.0,0,1,0,1,0,4,0,3,0,6,1
254752.0,0,0,0,0,0,1,0,0,1,3,0
254843.0,0,0,0,0,0,0,0,2,0,0,0
254956.0,0,0,0,0,0,0,0,0,0,5,0
254957.0,0,1,0,0,0,0,0,0,0,5,0
255031.0,0,0,0,0,0,1,0,1,0,4,0
256822.0,0,0,0,1,0,0,0,0,0,2,0
256957.0,0,0,0,2,0,0,0,2,0,16,1
257036.0,0,0,0,0,0,1,0,1,3,6,1
257043.0,0,1,0,2,0,0,0,1,0,5,3
257044.0,0,1,0,1,0,0,0,1,2,4,0
257046.0,0,0,0,1,0,0,0,0,0,5,1
258149.0,0,0,0,0,0,0,0,0,0,3,0
258979.0,0,2,0,0,0,0,0,3,1,5,0
259043.0,0,1,0,1,0,1,0,4,1,6,2
259234.0,0,0,0,4,0,1,0,4,0,8,3
259639.0,0,2,0,2,0,3,1,3,1,8,4
260009.0,0,0,0,0,0,3,0,2,0,9,4
260898.0,0,2,0,0,0,0,0,2,0,6,0
262768.0,0,2,0,0,0,1,0,0,1,0,0
263387.0,0,3,0,3,0,5,0,2,1,8,7
263633.0,0,0,0,2,0,1,0,0,1,8,5
265550.0,0,2,1,0,0,2,0,2,2,4,1
265644.0,0,1,3,0,0,3,0,13,3,9,1
265657.0,0,1,4,0,0,1,1,0,6,1,0
266410.0,0,0,0,1,0,1,0,0,1,13,3
266579.0,0,0,0,1,0,3,0,1,0,1,1
270268.0,0,1,0,1,0,1,0,2,0,2,0
270647.0,0,0,0,0,0,0,0,6,0,8,0
270836.0,0,0,0,0,0,0,0,2,0,1,0
272287.0,0,1,0,2,0,2,0,3,0,9,5
272577.0,0,3,0,2,0,4,0,2,1,4,0
272685.0,0,5,0,0,0,2,0,4,0,6,1
273386.0,0,1,0,3,0,2,0,4,0,5,0
274837.0,0,2,1,2,0,6,1,6,5,8,0
274995.0,0,0,0,0,0,2,0,4,3,8,1
275332.0,0,4,0,1,0,5,0,5,2,8,0
276086.0,0,6,0,1,0,7,0,16,12,11,5
279364.0,0,0,0,0,0,0,0,3,0,6,0
280334.0,0,2,0,0,0,1,0,5,0,4,0
284245.0,0,0,0,0,0,0,0,2,0,0,0
285574.0,0,0,0,0,0,0,0,2,0,3,0
289643.0,0,1,1,2,0,0,0,0,0,4,0
290390.0,0,2,1,0,0,2,0,6,0,1,0
290467.0,0,2,0,0,0,0,0,0,1,1,0
292624.0,0,0,1,0,0,2,0,0,0,6,0
292660.0,0,5,1,2,0,4,0,10,0,6,3
295016.0,0,0,0,2,0,0,0,4,1,8,3
295017.0,0,0,0,0,0,0,0,3,1,5,2
295917.0,0,5,1,0,0,0,1,4,8,1,0
296327.0,0,1,0,0,0,2,0,9,0,7,2
297726.0,0,1,0,1,0,3,0,3,0,4,0
298078.0,0,0,0,0,0,2,0,4,0,5,0
301111.0,0,2,0,0,0,1,0,6,13,4,0
301415.0,0,1,0,1,0,2,0,3,2,11,2
302291.0,0,1,0,2,0,2,0,2,1,12,3
302499.0,0,1,0,0,0,1,0,11,1,4,0
302593.0,0,5,0,1,0,5,0,6,3,10,1
302747.0,0,1,0,0,0,4,0,3,0,8,0
308054.0,0,0,0,1,0,0,0,1,0,9,4
308438.0,0,1,0,2,0,3,1,3,1,10,14
308609.0,0,3,0,2,0,2,0,2,0,5,0
310457.0,0,0,0,0,0,1,0,1,2,0,0
332884.0,0,0,0,0,0,0,0,1,1,6,0
333667.0,0,0,0,1,0,0,0,0,0,4,0
339708.0,0,2,0,1,0,2,0,3,1,2,0
341109.0,0,4,0,0,0,1,0,3,0,4,0
344977.0,0,1,0,0,0,2,0,4,0,5,1
359845.0,0,0,0,6,2,4,1,6,0,20,4
405074.0,0,0,0,0,0,2,0,7,0,6,0
412590.0,0,5,0,0,0,4,0,3,2,4,0
413049.0,0,0,0,0,0,2,0,5,0,8,0
413086.0,0,8,2,1,0,4,4,9,3,6,0
413873.0,0,3,3,2,0,5,8,6,7,9,1
417880.0,0,1,1,1,0,2,0,5,0,3,0
418454.0,0,2,0,0,0,1,4,2,7,3,1
423314.0,0,1,0,0,0,1,0,6,0,4,1
424161.0,0,1,0,1,0,1,0,4,1,9,4
424355.0,0,0,4,0,0,0,0,0,1,0,0
424703.0,0,1,1,0,0,4,0,20,0,1,0
425517.0,0,1,0,0,0,2,0,4,0,6,0
426034.0,0,2,0,2,0,2,11,6,9,10,1
426693.0,0,1,0,1,0,2,0,10,0,3,0
427366.0,0,2,1,1,0,3,1,4,0,5,2
432887.0,0,0,0,1,0,3,0,10,0,17,4
433058.0,0,0,0,0,0,0,0,1,0,6,0
433522.0,0,2,0,2,0,4,0,18,0,9,9
435447.0,0,0,0,0,0,0,0,0,0,3,0
437536.0,0,0,0,1,0,5,1,13,1,3,0
440458.0,0,3,0,1,0,3,0,3,0,8,0
441900.0,0,1,0,1,0,2,0,5,0,4,0
442201.0,0,0,1,0,0,3,1,5,1,1,0
442215.0,0,0,0,0,0,4,0,10,0,5,0
442509.0,0,1,1,0,0,2,0,10,1,5,0
442519.0,0,0,1,1,0,2,0,8,0,4,0
443145.0,0,4,1,0,0,3,1,0,0,7,0
444000.0,0,0,0,0,0,0,0,1,0,3,1
444013.0,0,0,0,0,0,0,0,1,0,3,0
444419.0,0,0,0,0,0,1,0,3,1,3,0
445529.0,0,0,0,1,0,1,0,0,0,0,0
446146.0,0,3,0,0,0,5,0,5,1,8,0
446485.0,0,0,0,0,0,0,0,1,0,0,0
446710.0,0,1,0,1,0,2,0,12,0,4,0
446953.0,0,0,0,0,0,2,0,0,1,6,0
448213.0,0,1,0,0,0,0,0,0,0,4,0
454720.0,0,4,0,2,0,7,0,6,3,7,2
455407.0,0,0,0,0,0,0,0,0,7,0,0
455829.0,0,2,0,0,0,3,1,7,0,7,1
